REM INSERTING into MEMBER
SET DEFINE OFF;
Insert into MEMBER (M_ID,PW,NAME,GENDER,ADDR,TEL,EMAIL,BIRTH,M_NTRP,INVITE_CODE,INTRODUCE,M_IMG,M_LOCATION,M_TIME,M_CLUB,M_INVITE_CODE,CASH,ROLE,M_NUM) values ('cadmin','$2a$10$O0pKqIJ4Hke0SHV0a5MMR.Pgfg7eydr4DHeULf0weMr.hvA.Q54LG','관리자아님','F','경기 화성시 향남읍 분향동길 4-1','010-1111-1111','test2@test.com','1995-07-27',6.5,null,'ㅋㅋ','default.png','경상남도 합천군','12:00 ~ 13:00',null,'cadmin',0,'USER',3);
Insert into MEMBER (M_ID,PW,NAME,GENDER,ADDR,TEL,EMAIL,BIRTH,M_NTRP,INVITE_CODE,INTRODUCE,M_IMG,M_LOCATION,M_TIME,M_CLUB,M_INVITE_CODE,CASH,ROLE,M_NUM) values ('davidleejh','$2a$10$/vjCnp8z27twPr3W9xzdwez.aitQdrzlCHS.trwXfYlU3fzHjNkQa','이재훈','M','서울 서초구 서초대로 3-4','010-2525-1514','jaehunl0504@gmail.com','2000-05-04',1,null,'테니스 이제 막 치기 시작했지만, 최선을 다하겠습니다.','profile1.jpeg','서울특별시 서초구','17:00 ~ 18:00',null,'davidleejh',0,'USER',4);
Insert into MEMBER (M_ID,PW,NAME,GENDER,ADDR,TEL,EMAIL,BIRTH,M_NTRP,INVITE_CODE,INTRODUCE,M_IMG,M_LOCATION,M_TIME,M_CLUB,M_INVITE_CODE,CASH,ROLE,M_NUM) values ('minseo','$2a$10$p1cM0Qruhkm.FlbOxjgbKe32PnDcez7ij5BDSb0VKrh6nbh93BRtq','남민서','F','경기 성남시 분당구 대왕판교로 477','010-1234-1233','minseo@test.com','2000-08-05',3,null,'안녕!','default.png','인천광역시 미추홀구','20:00 ~ 21:00',null,'minseo',0,'USER',5);
Insert into MEMBER (M_ID,PW,NAME,GENDER,ADDR,TEL,EMAIL,BIRTH,M_NTRP,INVITE_CODE,INTRODUCE,M_IMG,M_LOCATION,M_TIME,M_CLUB,M_INVITE_CODE,CASH,ROLE,M_NUM) values ('test1','$2a$10$IOScsTMZ1KPGvmtxK9gcPugq2ze45WJZmQCOfInFplu9OOI/fYoMC','테스터','M','경기 성남시 분당구 판교역로2번길 2','010-1111-1111','test12@test.com','1995-07-07',1,null,null,'pro6.png','경상남도 거제시','20:00 ~ 21:00',null,'test1',0,'USER',6);
Insert into MEMBER (M_ID,PW,NAME,GENDER,ADDR,TEL,EMAIL,BIRTH,M_NTRP,INVITE_CODE,INTRODUCE,M_IMG,M_LOCATION,M_TIME,M_CLUB,M_INVITE_CODE,CASH,ROLE,M_NUM) values ('matchmaker','$2a$10$8LlxZ1itPN/McwG71KaNa.fv9ZT/Y46l/C1gv4z5hLrGXBnviKuJ2','박윙크','F','경기 구리시 담터길32번길 111','010-1111-1111','testee1234563@naver.com','1994-07-28',2,null,'creater님 소개로 가입했습니다. 잘부탁드립니다 ㅎ','profile1.jpg','경상남도 함양군','20:00 ~ 21:00',null,'matchmaker',0,'USER',15);
Insert into MEMBER (M_ID,PW,NAME,GENDER,ADDR,TEL,EMAIL,BIRTH,M_NTRP,INVITE_CODE,INTRODUCE,M_IMG,M_LOCATION,M_TIME,M_CLUB,M_INVITE_CODE,CASH,ROLE,M_NUM) values ('hyolim','$2a$10$Ot3Qm6yedh/MMEBpy.MA5OHEebAbG0Yj14ySHdP84zV3uL5qQ5XjS','이효림','F','경기 연천군 군남면 구석돌길 8-11','010-8745-2211','hlleee202020@gmail.com','1994-07-28',1,null,'안녕하세요. 저는 테니스 친지 1년차 테린이 입니다. 잘부탁드립니다.^^','pro07.png','경기도 연천군','19:00 ~ 20:00',null,'hyolim',0,'USER',102);
Insert into MEMBER (M_ID,PW,NAME,GENDER,ADDR,TEL,EMAIL,BIRTH,M_NTRP,INVITE_CODE,INTRODUCE,M_IMG,M_LOCATION,M_TIME,M_CLUB,M_INVITE_CODE,CASH,ROLE,M_NUM) values ('creater','$2a$10$U9RIGS3/rdpDDgMuX0TuQ.GNUe9k9aWqo4MrTkCSpe2g7iR.NkgtW','박창작','F','경기 성남시 분당구 용인서울고속도로 88','010-1111-1111','testee1234le4e@naver.com','1994-07-28',1,null,'안녕하세요. 저랑 같이 테니스 쳐요 ~','profile3.jpg','서울특별시 강동구','09:00 ~ 10:00',null,'creater',0,'USER',9);
Insert into MEMBER (M_ID,PW,NAME,GENDER,ADDR,TEL,EMAIL,BIRTH,M_NTRP,INVITE_CODE,INTRODUCE,M_IMG,M_LOCATION,M_TIME,M_CLUB,M_INVITE_CODE,CASH,ROLE,M_NUM) values ('test2','$2a$10$BC7i/Mh9.doQUoO87kf2k.OQUHf209APkPZDtIo9YjuHgcDHc9Sgy','관리자아님','M','경기 성남시 분당구 판교역로44번길 5-4','010-1111-1111','test213443@naver.com','1995-07-17',6.5,null,null,'pro6.png','전라남도 강진군','19:00 ~ 20:00',null,'test2',0,'USER',10);
Insert into MEMBER (M_ID,PW,NAME,GENDER,ADDR,TEL,EMAIL,BIRTH,M_NTRP,INVITE_CODE,INTRODUCE,M_IMG,M_LOCATION,M_TIME,M_CLUB,M_INVITE_CODE,CASH,ROLE,M_NUM) values ('tester1','$2a$10$nsuLLdR2sHmtj/UVtYWQ2e29VVrxDSi0gYzgH77gOwdwnwR4uvOVO','길동이','M','경기 성남시 분당구 서판교로 29','010-1234-5645','bdafsd@naver.com','1999-10-08',2,null,'안녕하세요','default.png','부산광역시 사하구','16:00 ~ 17:00',null,'tester1',0,'USER',13);
Insert into MEMBER (M_ID,PW,NAME,GENDER,ADDR,TEL,EMAIL,BIRTH,M_NTRP,INVITE_CODE,INTRODUCE,M_IMG,M_LOCATION,M_TIME,M_CLUB,M_INVITE_CODE,CASH,ROLE,M_NUM) values ('asdinosaur','$2a$10$d5cD6lBZPKA/v17nCaz4meZ6UwQrMwXBNEBhIkmYxztj5jTuriwjC','유관장','M','경기 광주시 곤지암읍 가마을길138번길 104','010-2648-7861','san11@test.com','1934-03-04',6.5,null,'천하의 무적일세','pro3.png','충청북도 음성군','16:00 ~ 17:00',null,'asdinosaur',0,'USER',16);
Insert into MEMBER (M_ID,PW,NAME,GENDER,ADDR,TEL,EMAIL,BIRTH,M_NTRP,INVITE_CODE,INTRODUCE,M_IMG,M_LOCATION,M_TIME,M_CLUB,M_INVITE_CODE,CASH,ROLE,M_NUM) values ('test123','$2a$10$rcdtknMRQVt1YFzo48aVZOQVpmQLvxZMymbcW1MnMhDcUlYWZ1rwq','서준','F','경기 성남시 분당구 경부고속도로 409','010-1111-1111','tjwnsz33@test.com','1995-01-01',2.5,null,'안녕하세요 !','pro2.png','경상남도 함양군','20:00 ~ 21:00',null,'test123',0,'USER',23);
Insert into MEMBER (M_ID,PW,NAME,GENDER,ADDR,TEL,EMAIL,BIRTH,M_NTRP,INVITE_CODE,INTRODUCE,M_IMG,M_LOCATION,M_TIME,M_CLUB,M_INVITE_CODE,CASH,ROLE,M_NUM) values ('tester6','$2a$10$39PZPsmLErd.aCnueYKZNuJjo7XARTehowmvLR10OJeliyCaZUqHS','이효림연습','F','경기 연천군 군남면 구석돌길 8-10','010-1111-1111','tester6@tester6.com','1995-01-02',1,null,'초보입니다 ㅎㅎ 잘 부탁드려요!','default.png','경기도 연천군','19:00 ~ 20:00',null,'tester6',0,'USER',81);
Insert into MEMBER (M_ID,PW,NAME,GENDER,ADDR,TEL,EMAIL,BIRTH,M_NTRP,INVITE_CODE,INTRODUCE,M_IMG,M_LOCATION,M_TIME,M_CLUB,M_INVITE_CODE,CASH,ROLE,M_NUM) values ('csmpost','$2a$10$.RoBUSecoqphQ/ZvqOMB6O12OW4Vn3ntqbjSC49p0EKQz40nuz.9a','조성민','F','서울 강남구 삼성로 212','010-8252-1310','csmpost@naver.com','1998-04-25',1,null,'헤헤','default.png','서울특별시 강남구','09:00 ~ 10:00',null,'csmpost',0,'USER',21);
Insert into MEMBER (M_ID,PW,NAME,GENDER,ADDR,TEL,EMAIL,BIRTH,M_NTRP,INVITE_CODE,INTRODUCE,M_IMG,M_LOCATION,M_TIME,M_CLUB,M_INVITE_CODE,CASH,ROLE,M_NUM) values ('Beha0504','$2a$10$FjgiG2Xuvyo4A0s949jM3.YDLeOfIMm29edtdH5LV/aP1.oAGU47a','이재현','M','서초대로3-4','010-2434-2324','dadsadsa@naver.com','2000-05-04',1,null,'ㅁㅇㄴㄹㄴㅁㅇㄹ','default.png','서울특별시 강남구','09:00 ~ 10:00',null,'Beha0504',0,'USER',22);
Insert into MEMBER (M_ID,PW,NAME,GENDER,ADDR,TEL,EMAIL,BIRTH,M_NTRP,INVITE_CODE,INTRODUCE,M_IMG,M_LOCATION,M_TIME,M_CLUB,M_INVITE_CODE,CASH,ROLE,M_NUM) values ('terrin2','$2a$10$XNmQlnVzeK8kxXJwP5cT..LjDayv3sw7Tx4hJCcE/9MOA0JApKD6O','테린이','M','경기 성남시 분당구 서판교로 32','010-1111-1111','terrin2@test.com','1986-01-06',1,null,'안녕하세요 테린이 입니다 ㅎ','pro08.png','경기도 성남시','17:00 ~ 18:00',null,'terrin2',0,'USER',104);
Insert into MEMBER (M_ID,PW,NAME,GENDER,ADDR,TEL,EMAIL,BIRTH,M_NTRP,INVITE_CODE,INTRODUCE,M_IMG,M_LOCATION,M_TIME,M_CLUB,M_INVITE_CODE,CASH,ROLE,M_NUM) values ('spring','$2a$10$UCWmEFuVBjATyNDf/rYZGeo538PWVfp1Jp3/dbMOGBoqbGq5RZeom','스프링','M','경기 성남시 분당구 경부고속도로 409','010-0000-0000','spring@test.com','1996-08-06',1,null,'안녕하세요 스프링입니다.','pro1.png','경상북도 의성군','19:00 ~ 20:00',null,'spring',0,'USER',105);
Insert into MEMBER (M_ID,PW,NAME,GENDER,ADDR,TEL,EMAIL,BIRTH,M_NTRP,INVITE_CODE,INTRODUCE,M_IMG,M_LOCATION,M_TIME,M_CLUB,M_INVITE_CODE,CASH,ROLE,M_NUM) values ('tester3','$2a$10$IXJs/dZjmTikQhKsADOpXONqcpZghoFM3/w3A60uuyJ5WMMIZqyDC','김철수','M','경기 성남시 분당구 서판교로 99','010-4534-1252','ngnsdfg@test.com','2000-04-05',1.5,null,'반갑습니다!','default.png','인천광역시 부평구','19:00 ~ 20:00',null,'tester3',0,'USER',106);
Insert into MEMBER (M_ID,PW,NAME,GENDER,ADDR,TEL,EMAIL,BIRTH,M_NTRP,INVITE_CODE,INTRODUCE,M_IMG,M_LOCATION,M_TIME,M_CLUB,M_INVITE_CODE,CASH,ROLE,M_NUM) values ('admin','$2a$10$LbS97qRkwq2lp.2hGOupGex4zwXmF8TRWjhTDhOcKYFDlWikCqYn6','관리자','M','경기 성남시 분당구 대왕판교로 477','010-1111-1111','admin@test.com','1995-07-17',6,null,null,'pro5.png','경상남도 통영시','14:00 ~ 15:00',null,'admin',0,'ADMIN',1);
Insert into MEMBER (M_ID,PW,NAME,GENDER,ADDR,TEL,EMAIL,BIRTH,M_NTRP,INVITE_CODE,INTRODUCE,M_IMG,M_LOCATION,M_TIME,M_CLUB,M_INVITE_CODE,CASH,ROLE,M_NUM) values ('ctest','$2a$10$qSvg5xh4rHAchbnLzV7J/eeLFlCLyV2XovvzJtUIO04IFMmQbHGFS','코트테스터','F','경기 가평군 가평읍 보납로 38-2','010-1111-1111','test1@test.com','1995-07-04',2,null,'안녕하세요 ? 테스터랍니다 ㅋ','default.png','충청남도 계룡시','16:00 ~ 17:00',null,'ctest',0,'USER',2);
Insert into MEMBER (M_ID,PW,NAME,GENDER,ADDR,TEL,EMAIL,BIRTH,M_NTRP,INVITE_CODE,INTRODUCE,M_IMG,M_LOCATION,M_TIME,M_CLUB,M_INVITE_CODE,CASH,ROLE,M_NUM) values ('hllee','$2a$10$jeWDnLipDJenA2gHJzdrI./UlMJzz0JpHXr04T1TM1pjNogcvlb3G','박은별','F','경기 성남시 분당구 용인서울고속도로 88','010-1111-1111','hlleee@naver.com','1994-07-28',3,null,'안녕하세요 저는 테니스 10년차입니다. 잘부탁드립니다. ','profile4.jpg','부산광역시 동구','19:00 ~ 20:00',null,'hllee',0,'USER',7);
Insert into MEMBER (M_ID,PW,NAME,GENDER,ADDR,TEL,EMAIL,BIRTH,M_NTRP,INVITE_CODE,INTRODUCE,M_IMG,M_LOCATION,M_TIME,M_CLUB,M_INVITE_CODE,CASH,ROLE,M_NUM) values ('match','$2a$10$7qycjOkDMs2VJLO54/UtaOjyPmveCZdBoUCt/kmEhfJ/gXjrsWEN2','김매치','F','제주특별자치도 서귀포시 대정읍 대한로 632','010-1111-1111','testee12343@naver.com','1994-07-28',2,null,'안녕하세요 저는 테린이 입니다. 다양한 사람들과 공 치고 싶어서 가입했습니다. 잘부탁드립니다. ','pro4.png','제주특별자치도 서귀포시','18:00 ~ 19:00',null,'match',0,'USER',8);
Insert into MEMBER (M_ID,PW,NAME,GENDER,ADDR,TEL,EMAIL,BIRTH,M_NTRP,INVITE_CODE,INTRODUCE,M_IMG,M_LOCATION,M_TIME,M_CLUB,M_INVITE_CODE,CASH,ROLE,M_NUM) values ('jaehunl0504','$2a$10$GZ44M8U/HVHvOr9ZIpFutudJSJAubAlk1j84gSu7KeRCTeKTqKa9a','김재훈','M','서초대로3-4','010-2525-1514','dafdsaa@fsadfafd.com','2000-05-04',1,null,'테니스 2년차입니다 오랜만에 다싯 시작합니다!!','default.png','서울특별시 강남구','10:00 ~ 11:00',null,'jaehunl0504',0,'USER',17);
Insert into MEMBER (M_ID,PW,NAME,GENDER,ADDR,TEL,EMAIL,BIRTH,M_NTRP,INVITE_CODE,INTRODUCE,M_IMG,M_LOCATION,M_TIME,M_CLUB,M_INVITE_CODE,CASH,ROLE,M_NUM) values ('glasses','$2a$10$1bbkdawBV2GL/uKjCshyfO/BDQAE/m5CpTYmEFTpx2LPBjVs73.hi','김안경','F','인천 강화군 강화읍 갑룡길 3','010-1111-1111','testee1234@naver.com','1994-07-28',3,null,'안녕하세요. 테니스 중고 용품 거래하려고 가입했습니다. ㅎㅎ','profile2.jpg','전라북도 고창군','19:00 ~ 20:00',null,'glasses',0,'USER',18);
Insert into MEMBER (M_ID,PW,NAME,GENDER,ADDR,TEL,EMAIL,BIRTH,M_NTRP,INVITE_CODE,INTRODUCE,M_IMG,M_LOCATION,M_TIME,M_CLUB,M_INVITE_CODE,CASH,ROLE,M_NUM) values ('manseo','$2a$10$5TlrWOJwHu.feP4iFB4U3.K5ICIvJhlxC7tECZuqOFwqjl2nj5iZe','만서','F','경기 성남시 분당구 서판교로 36','010-1234-1555','afebc@gmail.com','2000-01-01',2.5,null,'hi','default.png','세종특별자치시 ','19:00 ~ 20:00',null,'manseo',0,'USER',11);
Insert into MEMBER (M_ID,PW,NAME,GENDER,ADDR,TEL,EMAIL,BIRTH,M_NTRP,INVITE_CODE,INTRODUCE,M_IMG,M_LOCATION,M_TIME,M_CLUB,M_INVITE_CODE,CASH,ROLE,M_NUM) values ('joon1','$2a$10$SpVide5aQ0N3EI6SaUxh7.0H6M/VlZeXxVMfmY/Tf33R8clPRsJSq','서준','M','경기 남양주시 가운로 1','010-1111-1111','test341@naver.com','1995-07-17',7,null,'테니스는 처음이지만, 열심히 해보겠습니다 껄껄 :)','pro2.png','경기도 남양주시','19:00 ~ 20:00',null,'joon1',0,'USER',12);
Insert into MEMBER (M_ID,PW,NAME,GENDER,ADDR,TEL,EMAIL,BIRTH,M_NTRP,INVITE_CODE,INTRODUCE,M_IMG,M_LOCATION,M_TIME,M_CLUB,M_INVITE_CODE,CASH,ROLE,M_NUM) values ('tester2','$2a$10$3PRgd9BoY2BOQt3ixWVIZem0PvtUIt.n5eFv1mZA2QShTzCJsi96.','김민서','F','경기 성남시 분당구 서판교로 36','010-1234-1555','yjy@naver.com','2000-06-03',5,null,null,'default.png','경상북도 문경시','17:00 ~ 18:00',null,'tester2',0,'USER',14);
Insert into MEMBER (M_ID,PW,NAME,GENDER,ADDR,TEL,EMAIL,BIRTH,M_NTRP,INVITE_CODE,INTRODUCE,M_IMG,M_LOCATION,M_TIME,M_CLUB,M_INVITE_CODE,CASH,ROLE,M_NUM) values ('davidleejh2','$2a$10$t5yrCgypxbO550wro9HNQenwq7K2NBvdvgDqJaC/TMDUZ6Qsjb5AW','박재훈','M','서초대로3-4','010-2525-1514','Dadasd@dasdasdsad','2000-05-04',1,null,'테니스는 보통 흙코트에서 치는걸 좋아하고 테니스 시작한지는 한 4년되었습니다','racketbag17.jpeg','서울특별시 강동구','11:00 ~ 12:00',null,'davidleejh2',0,'USER',19);
Insert into MEMBER (M_ID,PW,NAME,GENDER,ADDR,TEL,EMAIL,BIRTH,M_NTRP,INVITE_CODE,INTRODUCE,M_IMG,M_LOCATION,M_TIME,M_CLUB,M_INVITE_CODE,CASH,ROLE,M_NUM) values ('test12345','$2a$10$s3r.I9tZQFw2EdqfgJBdzu9s7hCmT/GOM.gO1vIJPyxtEX6M2fXCS','테스터','M','인천 연수구 경원대로 지하 285','010-1111-1111','test12345@test1.com','1995-01-01',2,null,null,'default.png','경상남도 거제시','20:00 ~ 21:00',null,'test12345',0,'USER',41);
Insert into MEMBER (M_ID,PW,NAME,GENDER,ADDR,TEL,EMAIL,BIRTH,M_NTRP,INVITE_CODE,INTRODUCE,M_IMG,M_LOCATION,M_TIME,M_CLUB,M_INVITE_CODE,CASH,ROLE,M_NUM) values ('tester5','$2a$10$QC42gV3uWx5LapQMmFxULu6IMAxSmzwsledQBN6dIRvsy.9z5cT1O','서준연습','M','경기 연천군 군남면 구석돌길 5','010-1111-1111','tester5@tester5.com','1995-01-01',1,null,'안녕하세요~ 테니스를 처음 접해본 서준입니다! 잘 부탁드려요 ㅋㅋ','pro2.png','경기도 연천군','19:00 ~ 20:00',null,'tester5',0,'USER',61);
Insert into MEMBER (M_ID,PW,NAME,GENDER,ADDR,TEL,EMAIL,BIRTH,M_NTRP,INVITE_CODE,INTRODUCE,M_IMG,M_LOCATION,M_TIME,M_CLUB,M_INVITE_CODE,CASH,ROLE,M_NUM) values ('tester7','$2a$10$2LFCG4Lrc/I0D94nNktZYelnffBdg2bJHPW5iKGgJZyenci2vOf12','서준테스터','M','경기 연천군 군남면 구석돌길 8-10','010-1111-1111','tjwnsz123@naver123.com','1995-07-01',1,null,'안녕하세요 !','pro1.png','경기도 연천군','19:00 ~ 20:00',null,'tester7',0,'USER',101);
Insert into MEMBER (M_ID,PW,NAME,GENDER,ADDR,TEL,EMAIL,BIRTH,M_NTRP,INVITE_CODE,INTRODUCE,M_IMG,M_LOCATION,M_TIME,M_CLUB,M_INVITE_CODE,CASH,ROLE,M_NUM) values ('jaehun','$2a$10$ipoZzRd4ndbDKTHpdk6YduDI92WlxacpWWB5byewkxzKUk575LTNK','이재훈','M','서초대로3-4','010-2525-5678','jaehunl0505@gmail.com','2000-05-04',1,null,'테니스 8년차이고 즐기는단계 ','pro2.png','서울특별시 서초구','11:00 ~ 12:00',null,'jaehun',0,'USER',103);

REM INSERTING into ALL_CMT_LIKE
SET DEFINE OFF;
Insert into ALL_CMT_LIKE (LIKE_NUM,CMT_NUM,LIKE_USER,LIKES) values (21,64,'joon1',1);
Insert into ALL_CMT_LIKE (LIKE_NUM,CMT_NUM,LIKE_USER,LIKES) values (1,5,'admin',1);

REM INSERTING into ALL_COMMU_LIKE
SET DEFINE OFF;
Insert into ALL_COMMU_LIKE (LIKE_NUM,COMM_NUM,LIKE_USER,LIKES) values (10,5,'admin',1);
Insert into ALL_COMMU_LIKE (LIKE_NUM,COMM_NUM,LIKE_USER,LIKES) values (3,3,'admin',1);
Insert into ALL_COMMU_LIKE (LIKE_NUM,COMM_NUM,LIKE_USER,LIKES) values (6,5,'matchmaker',1);
Insert into ALL_COMMU_LIKE (LIKE_NUM,COMM_NUM,LIKE_USER,LIKES) values (8,1,'matchmaker',1);
Insert into ALL_COMMU_LIKE (LIKE_NUM,COMM_NUM,LIKE_USER,LIKES) values (5,4,'joon1',1);
Insert into ALL_COMMU_LIKE (LIKE_NUM,COMM_NUM,LIKE_USER,LIKES) values (42,43,'terrin2',1);
Insert into ALL_COMMU_LIKE (LIKE_NUM,COMM_NUM,LIKE_USER,LIKES) values (44,43,'joon1',1);
Insert into ALL_COMMU_LIKE (LIKE_NUM,COMM_NUM,LIKE_USER,LIKES) values (45,44,'spring',1);
Insert into ALL_COMMU_LIKE (LIKE_NUM,COMM_NUM,LIKE_USER,LIKES) values (47,44,'terrin2',1);
Insert into ALL_COMMU_LIKE (LIKE_NUM,COMM_NUM,LIKE_USER,LIKES) values (48,44,'hyolim',1);
Insert into ALL_COMMU_LIKE (LIKE_NUM,COMM_NUM,LIKE_USER,LIKES) values (1,2,'joon1',1);
Insert into ALL_COMMU_LIKE (LIKE_NUM,COMM_NUM,LIKE_USER,LIKES) values (2,2,'admin',1);
Insert into ALL_COMMU_LIKE (LIKE_NUM,COMM_NUM,LIKE_USER,LIKES) values (4,3,'joon1',1);
Insert into ALL_COMMU_LIKE (LIKE_NUM,COMM_NUM,LIKE_USER,LIKES) values (7,4,'matchmaker',1);
Insert into ALL_COMMU_LIKE (LIKE_NUM,COMM_NUM,LIKE_USER,LIKES) values (9,2,'matchmaker',1);
Insert into ALL_COMMU_LIKE (LIKE_NUM,COMM_NUM,LIKE_USER,LIKES) values (21,24,'admin',1);
Insert into ALL_COMMU_LIKE (LIKE_NUM,COMM_NUM,LIKE_USER,LIKES) values (41,24,'test123',1);
Insert into ALL_COMMU_LIKE (LIKE_NUM,COMM_NUM,LIKE_USER,LIKES) values (43,43,'admin',1);
Insert into ALL_COMMU_LIKE (LIKE_NUM,COMM_NUM,LIKE_USER,LIKES) values (46,43,'spring',1);

REM INSERTING into AUCTION
SET DEFINE OFF;
Insert into AUCTION (SELLER,P_NUM,P_NAME,CAT,P_PIC1,P_PIC2,P_PIC3,P_INFO,P_COND,P_INSERT_TIME,DEAD_LINE,B_GRANTED,LOW,START_PRICE,HIGH_PRICE,S_GRANTED,P_VIEWCOUNT,DEAL_DONE) values ('davidleejh',5,'최대 3개까지 담을 수 있는 라켓가방 판매합니다','racket_bag','racketbag13.jpeg','racketbag15.jpeg',null,'어느덧 테니스3년차라 용품 정리하려 하는데 가방도 바꿀 예정이라 하나 판매합니다. 라켓 최대 3개까지 담을 수 있어서 넣고 다니기 편하구, 물통 기타 다른 물품들도 담을 수 있습니다. 워낙 오래써서 싸게 판매합니다. ','중고, 사용감 많음',to_timestamp('23/07/21 16:58:25.576309000','RR/MM/DD HH24:MI:SSXFF'),to_date('23/07/21','RR/MM/DD'),'Ok',24000,24000,null,'Ok',14,'complete');
Insert into AUCTION (SELLER,P_NUM,P_NAME,CAT,P_PIC1,P_PIC2,P_PIC3,P_INFO,P_COND,P_INSERT_TIME,DEAD_LINE,B_GRANTED,LOW,START_PRICE,HIGH_PRICE,S_GRANTED,P_VIEWCOUNT,DEAL_DONE) values ('jaehun',51,'나이키 중고 가방 판매합니다','sports_bag','sportsbag5.png',null,null,'오래쓰긴했는데 관리가 잘되어서 나이키 깔끔한 디자인 좋아하시는 분들에게 추천합니다. ','중고, 사용감 있음',to_timestamp('23/07/24 15:34:49.145790000','RR/MM/DD HH24:MI:SSXFF'),to_date('23/08/04','RR/MM/DD'),null,20000,20000,null,null,0,null);
Insert into AUCTION (SELLER,P_NUM,P_NAME,CAT,P_PIC1,P_PIC2,P_PIC3,P_INFO,P_COND,P_INSERT_TIME,DEAD_LINE,B_GRANTED,LOW,START_PRICE,HIGH_PRICE,S_GRANTED,P_VIEWCOUNT,DEAL_DONE) values ('jaehun',53,'여성용 테니스 상의 운동복 판매합니다','tshirt','shirt4.png',null,null,'사진에서 보는 것 같이 거의 새 제품입니다','거의 새제품',to_timestamp('23/07/24 15:37:30.369560000','RR/MM/DD HH24:MI:SSXFF'),to_date('23/08/04','RR/MM/DD'),null,14000,14000,null,null,2,null);
Insert into AUCTION (SELLER,P_NUM,P_NAME,CAT,P_PIC1,P_PIC2,P_PIC3,P_INFO,P_COND,P_INSERT_TIME,DEAD_LINE,B_GRANTED,LOW,START_PRICE,HIGH_PRICE,S_GRANTED,P_VIEWCOUNT,DEAL_DONE) values ('jaehun',56,'남성용 야외에서 쓰기 좋은 바람막이 판매합니다','tshirt','shirt13.png',null,null,'운동을 헬스랑 병행하다 보니 벌그업이 되어서 사이즈 바꾸려고 기존 제품을 판매합니다. 약간 사용감이 있다보니 저렴하게 판매합니다. ','중고, 사용감 있음',to_timestamp('23/07/24 15:42:37.581153000','RR/MM/DD HH24:MI:SSXFF'),to_date('23/08/06','RR/MM/DD'),null,54000,54000,null,null,4,null);
Insert into AUCTION (SELLER,P_NUM,P_NAME,CAT,P_PIC1,P_PIC2,P_PIC3,P_INFO,P_COND,P_INSERT_TIME,DEAD_LINE,B_GRANTED,LOW,START_PRICE,HIGH_PRICE,S_GRANTED,P_VIEWCOUNT,DEAL_DONE) values ('jaehun',58,' 남성용 바지 판매 (검은색 색상)','pants','shorts5.png',null,null,'사진에서 보는 것 같이 거의 새 제품입니다','거의 새제품',to_timestamp('23/07/24 15:49:16.093322000','RR/MM/DD HH24:MI:SSXFF'),to_date('23/08/06','RR/MM/DD'),null,24000,24000,null,null,0,null);
Insert into AUCTION (SELLER,P_NUM,P_NAME,CAT,P_PIC1,P_PIC2,P_PIC3,P_INFO,P_COND,P_INSERT_TIME,DEAD_LINE,B_GRANTED,LOW,START_PRICE,HIGH_PRICE,S_GRANTED,P_VIEWCOUNT,DEAL_DONE) values ('jaehun',60,'테니스 스커트 판매합니다. (푸른색)','pants','shorts1.png',null,null,'지인에게 선물받았는데 이미 보유하고 있어서 시가보다 싸게 판매합니다.','미개봉 재품',to_timestamp('23/07/24 15:51:22.472917000','RR/MM/DD HH24:MI:SSXFF'),to_date('23/08/06','RR/MM/DD'),null,52000,52000,null,null,0,null);
Insert into AUCTION (SELLER,P_NUM,P_NAME,CAT,P_PIC1,P_PIC2,P_PIC3,P_INFO,P_COND,P_INSERT_TIME,DEAD_LINE,B_GRANTED,LOW,START_PRICE,HIGH_PRICE,S_GRANTED,P_VIEWCOUNT,DEAL_DONE) values ('jaehun',61,'완전 새제품 흰색 테니스 스커트 판매합니다. ','pants','shorts12.png',null,null,'지인에게 선물받았는데 이미 보유하고 있어서 시가보다 싸게 판매합니다.','미개봉 재품',to_timestamp('23/07/24 16:00:01.905258000','RR/MM/DD HH24:MI:SSXFF'),to_date('23/08/06','RR/MM/DD'),null,52000,52000,null,null,0,null);
Insert into AUCTION (SELLER,P_NUM,P_NAME,CAT,P_PIC1,P_PIC2,P_PIC3,P_INFO,P_COND,P_INSERT_TIME,DEAD_LINE,B_GRANTED,LOW,START_PRICE,HIGH_PRICE,S_GRANTED,P_VIEWCOUNT,DEAL_DONE) values ('davidleejh',1,'작년에 구매한 Babolat 스포츠백 판매합니다.','sports_bag','racketbag16.jpeg',null,null,'작년에 7만원 주고 샀는데 갑자기 새로운 디자인이 끌려서 새로 구매하게 되었습니다. 깨끗해서 바로 사용하셔도 됩니다.','중고, 사용감 있음',to_timestamp('23/07/21 14:57:24.598476000','RR/MM/DD HH24:MI:SSXFF'),to_date('23/07/24','RR/MM/DD'),null,40000,10000,null,null,54,null);
Insert into AUCTION (SELLER,P_NUM,P_NAME,CAT,P_PIC1,P_PIC2,P_PIC3,P_INFO,P_COND,P_INSERT_TIME,DEAD_LINE,B_GRANTED,LOW,START_PRICE,HIGH_PRICE,S_GRANTED,P_VIEWCOUNT,DEAL_DONE) values ('davidleejh',3,'실착용 3번한 모자 판매합니다','accessory','tennisacc4.png',null,null,'한두번 써봤는데 저랑 스타일이 잘 안맞아서 판매합니다. 말씀드린것처럼 두번 정도 밖에 안써서 깨끗합니다. ','거의 새제품',to_timestamp('23/07/21 16:17:58.977872000','RR/MM/DD HH24:MI:SSXFF'),to_date('23/07/22','RR/MM/DD'),null,14000,14000,null,null,8,null);
Insert into AUCTION (SELLER,P_NUM,P_NAME,CAT,P_PIC1,P_PIC2,P_PIC3,P_INFO,P_COND,P_INSERT_TIME,DEAD_LINE,B_GRANTED,LOW,START_PRICE,HIGH_PRICE,S_GRANTED,P_VIEWCOUNT,DEAL_DONE) values ('admin',22,'라켓팝니다','racket','racket1.jpeg',null,null,'상태 좋아요','거의 새제품',to_timestamp('23/07/22 14:13:54.452865000','RR/MM/DD HH24:MI:SSXFF'),to_date('23/07/23','RR/MM/DD'),null,10000,5000,null,null,5,null);
Insert into AUCTION (SELLER,P_NUM,P_NAME,CAT,P_PIC1,P_PIC2,P_PIC3,P_INFO,P_COND,P_INSERT_TIME,DEAD_LINE,B_GRANTED,LOW,START_PRICE,HIGH_PRICE,S_GRANTED,P_VIEWCOUNT,DEAL_DONE) values ('tester6',41,'거의 새 라켓입니다','racket','racketbag2.jpeg',null,null,'완전 좋아요','거의 새제품',to_timestamp('23/07/24 13:39:49.475363000','RR/MM/DD HH24:MI:SSXFF'),to_date('23/07/25','RR/MM/DD'),null,25000,20000,null,null,6,null);
Insert into AUCTION (SELLER,P_NUM,P_NAME,CAT,P_PIC1,P_PIC2,P_PIC3,P_INFO,P_COND,P_INSERT_TIME,DEAD_LINE,B_GRANTED,LOW,START_PRICE,HIGH_PRICE,S_GRANTED,P_VIEWCOUNT,DEAL_DONE) values ('tester6',42,'라켓 판매합니다.','racket','racketbag3.jpeg',null,null,'상태 좋아요 !','거의 새제품',to_timestamp('23/07/24 14:26:26.931077000','RR/MM/DD HH24:MI:SSXFF'),to_date('23/07/25','RR/MM/DD'),null,22000,20000,null,null,9,null);
Insert into AUCTION (SELLER,P_NUM,P_NAME,CAT,P_PIC1,P_PIC2,P_PIC3,P_INFO,P_COND,P_INSERT_TIME,DEAD_LINE,B_GRANTED,LOW,START_PRICE,HIGH_PRICE,S_GRANTED,P_VIEWCOUNT,DEAL_DONE) values ('hyolim',48,'바볼랏 퓨어 에어로 팝니다. 3개월 정도 썼습니다. ','racket','racket13.png','racket7.jpeg',null,'나달이 쓰는 바볼랏 퓨어 에어로 라켓입니다. ㅎ','중고, 사용감 있음',to_timestamp('23/07/24 15:21:57.875321000','RR/MM/DD HH24:MI:SSXFF'),to_date('23/07/25','RR/MM/DD'),null,135000,130000,null,null,15,null);
Insert into AUCTION (SELLER,P_NUM,P_NAME,CAT,P_PIC1,P_PIC2,P_PIC3,P_INFO,P_COND,P_INSERT_TIME,DEAD_LINE,B_GRANTED,LOW,START_PRICE,HIGH_PRICE,S_GRANTED,P_VIEWCOUNT,DEAL_DONE) values ('jaehun',49,'1년정도 사용한 스포츠가방 30000원부터','sports_bag','sportsbag1.png',null,null,'사용감 있어서 정가보다 저렴하게 판매합니다','중고, 사용감 있음',to_timestamp('23/07/24 15:31:06.993604000','RR/MM/DD HH24:MI:SSXFF'),to_date('23/08/04','RR/MM/DD'),null,30000,30000,null,null,5,null);
Insert into AUCTION (SELLER,P_NUM,P_NAME,CAT,P_PIC1,P_PIC2,P_PIC3,P_INFO,P_COND,P_INSERT_TIME,DEAD_LINE,B_GRANTED,LOW,START_PRICE,HIGH_PRICE,S_GRANTED,P_VIEWCOUNT,DEAL_DONE) values ('jaehun',52,'T60 중고 가방 판매합니다','sports_bag','sportsbag8.png',null,null,'사진에서 보는 것 같이 거의 새 제품입니다','약간의 흠집있음',to_timestamp('23/07/24 15:36:25.174218000','RR/MM/DD HH24:MI:SSXFF'),to_date('23/08/04','RR/MM/DD'),null,20000,20000,null,null,0,null);
Insert into AUCTION (SELLER,P_NUM,P_NAME,CAT,P_PIC1,P_PIC2,P_PIC3,P_INFO,P_COND,P_INSERT_TIME,DEAD_LINE,B_GRANTED,LOW,START_PRICE,HIGH_PRICE,S_GRANTED,P_VIEWCOUNT,DEAL_DONE) values ('jaehun',54,'핑크 여성용 테니스 상의 (지퍼유) 판매합니다','tshirt','shirt1.png',null,null,'지퍼가 있어서 입고 벗기 편한 제품입니다. 이미 있는 상태에서 지인에게 선물 받아서 비교적 저렴한 가격으로 판매합니다.','거의 새제품',to_timestamp('23/07/24 15:39:08.466750000','RR/MM/DD HH24:MI:SSXFF'),to_date('23/08/05','RR/MM/DD'),null,42000,42000,null,null,2,null);
Insert into AUCTION (SELLER,P_NUM,P_NAME,CAT,P_PIC1,P_PIC2,P_PIC3,P_INFO,P_COND,P_INSERT_TIME,DEAD_LINE,B_GRANTED,LOW,START_PRICE,HIGH_PRICE,S_GRANTED,P_VIEWCOUNT,DEAL_DONE) values ('jaehun',88,'너무 많이 사서 테니스공 판매합니다','ball','tennisball1.png',null,null,'수량 체크 잘못해서 싸게 처분합니다','미개봉 재품',to_timestamp('23/07/24 16:07:18.136399000','RR/MM/DD HH24:MI:SSXFF'),to_date('23/08/06','RR/MM/DD'),null,20000,20000,null,null,0,null);
Insert into AUCTION (SELLER,P_NUM,P_NAME,CAT,P_PIC1,P_PIC2,P_PIC3,P_INFO,P_COND,P_INSERT_TIME,DEAD_LINE,B_GRANTED,LOW,START_PRICE,HIGH_PRICE,S_GRANTED,P_VIEWCOUNT,DEAL_DONE) values ('jaehun',89,'핑크색 테니스공 판매합니다','ball','tennisball2.png',null,null,'핑크색 좋아하시는분들에게 추천~~','미개봉 재품',to_timestamp('23/07/24 16:07:56.643032000','RR/MM/DD HH24:MI:SSXFF'),to_date('23/08/06','RR/MM/DD'),null,10000,10000,null,null,0,null);
Insert into AUCTION (SELLER,P_NUM,P_NAME,CAT,P_PIC1,P_PIC2,P_PIC3,P_INFO,P_COND,P_INSERT_TIME,DEAD_LINE,B_GRANTED,LOW,START_PRICE,HIGH_PRICE,S_GRANTED,P_VIEWCOUNT,DEAL_DONE) values ('hyolim',91,'중고라켓 팝니다 ~','racket','racket2.jpeg',null,null,'중고라켓 싸게 처분합니다!!','중고, 사용감 있음',to_timestamp('23/07/24 16:38:37.090056000','RR/MM/DD HH24:MI:SSXFF'),to_date('23/07/24','RR/MM/DD'),null,40000,35000,null,null,22,null);
Insert into AUCTION (SELLER,P_NUM,P_NAME,CAT,P_PIC1,P_PIC2,P_PIC3,P_INFO,P_COND,P_INSERT_TIME,DEAD_LINE,B_GRANTED,LOW,START_PRICE,HIGH_PRICE,S_GRANTED,P_VIEWCOUNT,DEAL_DONE) values ('jaehun',43,'실착용 4회 정도인 신발 265mm판매합니다','shoes','tennisShoe6.png','tennisShoe2.png',null,'사이즈가 안맞아도 신으려고 했는데 너무 꼭끼어서 판매합니다. 운동화 260mm 신으시는 분들에게 적당할 듯 합니다','약간의 흠집있음',to_timestamp('23/07/24 14:53:20.709473000','RR/MM/DD HH24:MI:SSXFF'),to_date('23/07/28','RR/MM/DD'),null,70000,64000,null,null,4,null);
Insert into AUCTION (SELLER,P_NUM,P_NAME,CAT,P_PIC1,P_PIC2,P_PIC3,P_INFO,P_COND,P_INSERT_TIME,DEAD_LINE,B_GRANTED,LOW,START_PRICE,HIGH_PRICE,S_GRANTED,P_VIEWCOUNT,DEAL_DONE) values ('hllee',44,'거의 새거, 테니스 상의 팝니다','tshirt','shirt2.png','shirt3.png',null,'90사이즈 입니다. 여성분들 많은 관심 부탁드려요😊','거의 새제품',to_timestamp('23/07/24 14:55:09.181005000','RR/MM/DD HH24:MI:SSXFF'),to_date('23/07/25','RR/MM/DD'),null,18000,15000,null,null,6,null);
Insert into AUCTION (SELLER,P_NUM,P_NAME,CAT,P_PIC1,P_PIC2,P_PIC3,P_INFO,P_COND,P_INSERT_TIME,DEAD_LINE,B_GRANTED,LOW,START_PRICE,HIGH_PRICE,S_GRANTED,P_VIEWCOUNT,DEAL_DONE) values ('jaehun',45,'실착용 10회 정도인 테니스 실내화','shoes','tennisShoe14.png',null,null,'실내 테니스화인데 제가 한달정도 사용하고 야외 코트로 옮기게 되어서 판매하게 되었습니다. 거의 새제품과 다름 없지만 엄연한 중고이니 싸게 판매합니다. ','약간의 흠집있음',to_timestamp('23/07/24 15:05:10.008942000','RR/MM/DD HH24:MI:SSXFF'),to_date('23/08/02','RR/MM/DD'),null,45000,35000,null,null,4,null);
Insert into AUCTION (SELLER,P_NUM,P_NAME,CAT,P_PIC1,P_PIC2,P_PIC3,P_INFO,P_COND,P_INSERT_TIME,DEAD_LINE,B_GRANTED,LOW,START_PRICE,HIGH_PRICE,S_GRANTED,P_VIEWCOUNT,DEAL_DONE) values ('jaehun',46,'경품 당첨된 테니스 신발 싸게 팝니다','shoes','tennisShoe8.png',null,null,'이벤트로 당첨되었는데 제 취향이 아니어서 싸게 판매합니다','미개봉 재품',to_timestamp('23/07/24 15:11:32.529177000','RR/MM/DD HH24:MI:SSXFF'),to_date('23/08/01','RR/MM/DD'),null,55000,55000,null,null,13,null);
Insert into AUCTION (SELLER,P_NUM,P_NAME,CAT,P_PIC1,P_PIC2,P_PIC3,P_INFO,P_COND,P_INSERT_TIME,DEAD_LINE,B_GRANTED,LOW,START_PRICE,HIGH_PRICE,S_GRANTED,P_VIEWCOUNT,DEAL_DONE) values ('jaehun',47,'미사용 스포츠가방 47000원~','sports_bag','sportsbag3.png',null,null,'친구에게 선물 받았는데 이미 있는 제품이어서 정가보다 살짝 싸게 판매합니다','미개봉 재품',to_timestamp('23/07/24 15:21:18.281682000','RR/MM/DD HH24:MI:SSXFF'),to_date('23/08/04','RR/MM/DD'),null,32000,32000,null,null,4,null);
Insert into AUCTION (SELLER,P_NUM,P_NAME,CAT,P_PIC1,P_PIC2,P_PIC3,P_INFO,P_COND,P_INSERT_TIME,DEAD_LINE,B_GRANTED,LOW,START_PRICE,HIGH_PRICE,S_GRANTED,P_VIEWCOUNT,DEAL_DONE) values ('jaehun',50,'스포츠 가방 2년 사용','sports_bag','sportsbag2.png',null,null,'편하게 혼자 운동할 때 가방 필요하신분들에게 추천합니다~','중고, 사용감 많음',to_timestamp('23/07/24 15:33:36.646490000','RR/MM/DD HH24:MI:SSXFF'),to_date('23/08/04','RR/MM/DD'),null,30000,25000,null,null,0,null);
Insert into AUCTION (SELLER,P_NUM,P_NAME,CAT,P_PIC1,P_PIC2,P_PIC3,P_INFO,P_COND,P_INSERT_TIME,DEAD_LINE,B_GRANTED,LOW,START_PRICE,HIGH_PRICE,S_GRANTED,P_VIEWCOUNT,DEAL_DONE) values ('jaehun',55,'블랙 테니스 여성용 의류 판매합니다','tshirt','shirt7.png',null,null,'깔끔한 디자인으로 샀는데 제가 검은색 옷이 잘 안받아서 부득이 하게 판매합니다. 두번정도 밖에 착용을 안해서 거의 새제품입니다','거의 새제품',to_timestamp('23/07/24 15:41:05.722804000','RR/MM/DD HH24:MI:SSXFF'),to_date('23/08/05','RR/MM/DD'),null,72000,72000,null,null,0,null);
Insert into AUCTION (SELLER,P_NUM,P_NAME,CAT,P_PIC1,P_PIC2,P_PIC3,P_INFO,P_COND,P_INSERT_TIME,DEAD_LINE,B_GRANTED,LOW,START_PRICE,HIGH_PRICE,S_GRANTED,P_VIEWCOUNT,DEAL_DONE) values ('jaehun',57,'아이보리 색상 남성용 바지 판매','pants','shorts4.png',null,null,'사진에서 보는 것 같이 거의 새 제품입니다','거의 새제품',to_timestamp('23/07/24 15:48:39.961980000','RR/MM/DD HH24:MI:SSXFF'),to_date('23/08/06','RR/MM/DD'),null,24000,24000,null,null,0,null);
Insert into AUCTION (SELLER,P_NUM,P_NAME,CAT,P_PIC1,P_PIC2,P_PIC3,P_INFO,P_COND,P_INSERT_TIME,DEAD_LINE,B_GRANTED,LOW,START_PRICE,HIGH_PRICE,S_GRANTED,P_VIEWCOUNT,DEAL_DONE) values ('jaehun',59,'실착용 3회 미만 운동용 바지 판매합니다. (푸른색)','pants','shorts7.png',null,null,'172 75K인 저한테 작아서 판매합니다.','거의 새제품',to_timestamp('23/07/24 15:50:38.192657000','RR/MM/DD HH24:MI:SSXFF'),to_date('23/08/06','RR/MM/DD'),null,32000,32000,null,null,0,null);
Insert into AUCTION (SELLER,P_NUM,P_NAME,CAT,P_PIC1,P_PIC2,P_PIC3,P_INFO,P_COND,P_INSERT_TIME,DEAD_LINE,B_GRANTED,LOW,START_PRICE,HIGH_PRICE,S_GRANTED,P_VIEWCOUNT,DEAL_DONE) values ('jaehun',82,'백팩형 테니스 라켓 가방 판매합니다','racket_bag','racketbag6.jpeg',null,null,'라켓한개랑 옷 신발 수납 공간있는 가방 판매합니다. ','약간의 흠집있음',to_timestamp('23/07/24 16:01:38.586545000','RR/MM/DD HH24:MI:SSXFF'),to_date('23/08/06','RR/MM/DD'),null,52000,48000,null,null,0,null);
Insert into AUCTION (SELLER,P_NUM,P_NAME,CAT,P_PIC1,P_PIC2,P_PIC3,P_INFO,P_COND,P_INSERT_TIME,DEAD_LINE,B_GRANTED,LOW,START_PRICE,HIGH_PRICE,S_GRANTED,P_VIEWCOUNT,DEAL_DONE) values ('jaehun',83,'라켓한개랑 옷 신발 수납 공간있는 민트색 가방 판매합니다. ','racket_bag','racketbag14.jpeg',null,null,'색깔이 저랑 안맞는데 반품 기간이 지나서 정가보다 살짝 싸게 판매합니다. ','거의 새제품',to_timestamp('23/07/24 16:02:29.472162000','RR/MM/DD HH24:MI:SSXFF'),to_date('23/08/06','RR/MM/DD'),null,52000,48000,null,null,0,null);
Insert into AUCTION (SELLER,P_NUM,P_NAME,CAT,P_PIC1,P_PIC2,P_PIC3,P_INFO,P_COND,P_INSERT_TIME,DEAD_LINE,B_GRANTED,LOW,START_PRICE,HIGH_PRICE,S_GRANTED,P_VIEWCOUNT,DEAL_DONE) values ('jaehun',84,'연습용 라켓 가방 판매합니다','racket_bag','racketbag5.jpeg',null,null,'집 근처 혼자 연습하러 가실때 작아서 간편합니다. ','중고, 사용감 있음',to_timestamp('23/07/24 16:03:12.643290000','RR/MM/DD HH24:MI:SSXFF'),to_date('23/08/06','RR/MM/DD'),null,25000,24000,null,null,0,null);
Insert into AUCTION (SELLER,P_NUM,P_NAME,CAT,P_PIC1,P_PIC2,P_PIC3,P_INFO,P_COND,P_INSERT_TIME,DEAD_LINE,B_GRANTED,LOW,START_PRICE,HIGH_PRICE,S_GRANTED,P_VIEWCOUNT,DEAL_DONE) values ('jaehun',85,'만능형 라켓 가방 판매합니다','racket_bag','racketbag12.jpeg',null,null,'사진에서 보는 것 같이 거의 새 제품입니다','거의 새제품',to_timestamp('23/07/24 16:03:42.063316000','RR/MM/DD HH24:MI:SSXFF'),to_date('23/08/06','RR/MM/DD'),null,120000,120000,null,null,2,null);
Insert into AUCTION (SELLER,P_NUM,P_NAME,CAT,P_PIC1,P_PIC2,P_PIC3,P_INFO,P_COND,P_INSERT_TIME,DEAD_LINE,B_GRANTED,LOW,START_PRICE,HIGH_PRICE,S_GRANTED,P_VIEWCOUNT,DEAL_DONE) values ('jaehun',86,'대형 윌슨 라켓 가방 판매합니다','racket_bag','racketbag4.jpeg',null,null,'사진에서 보는 것 같이 거의 새 제품입니다','거의 새제품',to_timestamp('23/07/24 16:04:15.790777000','RR/MM/DD HH24:MI:SSXFF'),to_date('23/08/06','RR/MM/DD'),null,140000,140000,null,null,0,null);
Insert into AUCTION (SELLER,P_NUM,P_NAME,CAT,P_PIC1,P_PIC2,P_PIC3,P_INFO,P_COND,P_INSERT_TIME,DEAD_LINE,B_GRANTED,LOW,START_PRICE,HIGH_PRICE,S_GRANTED,P_VIEWCOUNT,DEAL_DONE) values ('jaehun',87,'사용감 조금 있는 라켓 가방 판매합니다','racket_bag','racketbag10.jpeg',null,null,'제가 테니스 처음 시작할때 사용한 제품인데 이제 바꿀때가 된것 같아서 싼값에 처분합니다. ','거의 새제품',to_timestamp('23/07/24 16:05:17.595739000','RR/MM/DD HH24:MI:SSXFF'),to_date('23/08/06','RR/MM/DD'),null,48000,48000,null,null,0,null);
Insert into AUCTION (SELLER,P_NUM,P_NAME,CAT,P_PIC1,P_PIC2,P_PIC3,P_INFO,P_COND,P_INSERT_TIME,DEAD_LINE,B_GRANTED,LOW,START_PRICE,HIGH_PRICE,S_GRANTED,P_VIEWCOUNT,DEAL_DONE) values ('davidleejh',2,'선물받은 테니스화 판매합니다','shoes','tennisShoe1.png',null,null,'아는 지인이 저 테니스 시작한다고 선물해 줬는데 저랑 사이즈가 안맞아서 판매합니다.','미개봉 재품',to_timestamp('23/07/21 15:00:36.365266000','RR/MM/DD HH24:MI:SSXFF'),to_date('23/07/22','RR/MM/DD'),null,30000,25000,null,null,30,null);
Insert into AUCTION (SELLER,P_NUM,P_NAME,CAT,P_PIC1,P_PIC2,P_PIC3,P_INFO,P_COND,P_INSERT_TIME,DEAD_LINE,B_GRANTED,LOW,START_PRICE,HIGH_PRICE,S_GRANTED,P_VIEWCOUNT,DEAL_DONE) values ('davidleejh',6,'동시낙찰용품','racket','racket15.png',null,null,'과연 어떻게 될지','약간의 흠집있음',to_timestamp('23/07/21 17:52:22.449840000','RR/MM/DD HH24:MI:SSXFF'),to_date('23/07/21','RR/MM/DD'),null,10000,10000,null,null,18,null);
Insert into AUCTION (SELLER,P_NUM,P_NAME,CAT,P_PIC1,P_PIC2,P_PIC3,P_INFO,P_COND,P_INSERT_TIME,DEAD_LINE,B_GRANTED,LOW,START_PRICE,HIGH_PRICE,S_GRANTED,P_VIEWCOUNT,DEAL_DONE) values ('jaehun',81,'완전 새제품 검은색 테니스 스커트 판매합니다. ','pants','shorts14.png',null,null,'흰색 것이랑 마찬가지로 지인에게 선물받았는데 이미 보유하고 있어서 시가보다 싸게 판매합니다.','미개봉 재품',to_timestamp('23/07/24 16:00:26.311299000','RR/MM/DD HH24:MI:SSXFF'),to_date('23/08/06','RR/MM/DD'),null,52000,48000,null,null,0,null);

REM INSERTING into FACILITY
SET DEFINE OFF;
Insert into FACILITY (FAC_ID,FAC_NAME,FLOOR_TYPE,COURT_NO,ADDRESS,F_CONFIRM,COURT_PIC1,COURT_PIC2,COURT_PIC3,REGISTER_ID,OPEN_TIME,CLOSE_TIME,IN_OR_OUT,CONV,COME,REGI_TIME,C_PRICE) values ('fac_id3','광명시립테니스장','잔디',13,'경기도 광명시 금하로 201-68','Y','광명1.jpg','광명2.jpg',null,'test1','06','22','실외','무료주차장,남녀구분 화장실','광명사거리역 4번출구 하차(광명사거리역.한진아파트) 77번 버스 환승 -> 노온정수장후문 하차 -> 광명시립테니스장 방면 도보 831m

광명사거리역 4번출구 하차(광명사거리역.한진아파트) 6637번, 11번 버스 환승 -> 영서전력소 하차 -> 광명시립테니스장 방면 도보 1.9km

석수역 1번출구 하차 (석수역1호선) 1번 버스 환승 -> 소하사거리.진로마트(마을)하차 -> 서면초.안서중.창의경영고 정류장 도보 90m -> 77번 버스 승차 -> 노온배수지입구 하차 -> 광명시립테니스장 방면 도보 788m',to_date('23/07/21','RR/MM/DD'),10000);
Insert into FACILITY (FAC_ID,FAC_NAME,FLOOR_TYPE,COURT_NO,ADDRESS,F_CONFIRM,COURT_PIC1,COURT_PIC2,COURT_PIC3,REGISTER_ID,OPEN_TIME,CLOSE_TIME,IN_OR_OUT,CONV,COME,REGI_TIME,C_PRICE) values ('fac_id4','부천종합운동장테니스장','하드',13,'경기 부천시 길주로 486','Y','부천종합1.jpg','부천종합2.jpg','부천종합3.jpg','test1','06','22','실외','무료주차장,휴게실,남녀구분 화장실','내용 없음',to_date('23/07/21','RR/MM/DD'),13000);
Insert into FACILITY (FAC_ID,FAC_NAME,FLOOR_TYPE,COURT_NO,ADDRESS,F_CONFIRM,COURT_PIC1,COURT_PIC2,COURT_PIC3,REGISTER_ID,OPEN_TIME,CLOSE_TIME,IN_OR_OUT,CONV,COME,REGI_TIME,C_PRICE) values ('fac_id5','성사시립테니스장','하드',12,'경기 고양시 덕양구 호국로 876','Y','성사1.jpg','성사2.jpg','성사3.jpg','test1','07','22','실외','무료주차장,샤워실,남녀구분 화장실','내용 없음',to_date('23/07/21','RR/MM/DD'),10000);
Insert into FACILITY (FAC_ID,FAC_NAME,FLOOR_TYPE,COURT_NO,ADDRESS,F_CONFIRM,COURT_PIC1,COURT_PIC2,COURT_PIC3,REGISTER_ID,OPEN_TIME,CLOSE_TIME,IN_OR_OUT,CONV,COME,REGI_TIME,C_PRICE) values ('fac_id6','성남양지테니스장','하드',12,'경기 성남시 수정구 수정로466번길 46','Y','성남양지1.jpg','성남양지2.jpg','성남양지3.jpg','test1','06','22','실외','무료주차장','내용 없음',to_date('23/07/21','RR/MM/DD'),8000);
Insert into FACILITY (FAC_ID,FAC_NAME,FLOOR_TYPE,COURT_NO,ADDRESS,F_CONFIRM,COURT_PIC1,COURT_PIC2,COURT_PIC3,REGISTER_ID,OPEN_TIME,CLOSE_TIME,IN_OR_OUT,CONV,COME,REGI_TIME,C_PRICE) values ('fac_id7','연천공설운동장테니스장','하드',12,'경기 연천군 연천읍 문화로 150','Y','연천공설1.jpg','연천공설2.jpg',null,'test1','05','23','실외','무료주차장,탈의실,남녀구분 화장실','기차 : 연천역 하차 도보로 15분
버스(39-2) : 연천중·고등학교 앞 하차 도보 5분',to_date('23/07/21','RR/MM/DD'),8000);
Insert into FACILITY (FAC_ID,FAC_NAME,FLOOR_TYPE,COURT_NO,ADDRESS,F_CONFIRM,COURT_PIC1,COURT_PIC2,COURT_PIC3,REGISTER_ID,OPEN_TIME,CLOSE_TIME,IN_OR_OUT,CONV,COME,REGI_TIME,C_PRICE) values ('fac_id8','가평테니스장','클레이',10,'경기 가평군 가평읍 문화로 131','Y','가평1.jpg','가평2.jpg','가평3.jpg','test1','06','22','실외','무료주차장,탈의실,샤워실,휴게실,남녀구분 화장실','내용 없음',to_date('23/07/21','RR/MM/DD'),10000);
Insert into FACILITY (FAC_ID,FAC_NAME,FLOOR_TYPE,COURT_NO,ADDRESS,F_CONFIRM,COURT_PIC1,COURT_PIC2,COURT_PIC3,REGISTER_ID,OPEN_TIME,CLOSE_TIME,IN_OR_OUT,CONV,COME,REGI_TIME,C_PRICE) values ('fac_id9','골드CC 시립테니스장','잔디',10,'경기 용인시 기흥구 고매동 33-12','Y','골드1.jpg','골드2.jpg','골드3.jpg','test1','06','22','실내','무료주차장,휴게실,남녀구분 화장실','내용 없음',to_date('23/07/21','RR/MM/DD'),15000);
Insert into FACILITY (FAC_ID,FAC_NAME,FLOOR_TYPE,COURT_NO,ADDRESS,F_CONFIRM,COURT_PIC1,COURT_PIC2,COURT_PIC3,REGISTER_ID,OPEN_TIME,CLOSE_TIME,IN_OR_OUT,CONV,COME,REGI_TIME,C_PRICE) values ('fac_id10','이충레포츠공원 테니스장','잔디',10,'경기 평택시 장안웃길 149','Y','이충1.jpg','이충2.jpg','이충3.jpg','test1','05','22','실내','무료주차장,남녀구분 화장실','내용 없음',to_date('23/07/21','RR/MM/DD'),10000);
Insert into FACILITY (FAC_ID,FAC_NAME,FLOOR_TYPE,COURT_NO,ADDRESS,F_CONFIRM,COURT_PIC1,COURT_PIC2,COURT_PIC3,REGISTER_ID,OPEN_TIME,CLOSE_TIME,IN_OR_OUT,CONV,COME,REGI_TIME,C_PRICE) values ('fac_id11','군포도시공사 시민체육광장테니스장','하드',9,'경기 군포시 산본로 267','Y','군포시민1.jpg','군포시민2.jpg','군포시민3.jpg','test1','06','22','실외','무료주차장,매점,남녀구분 화장실','산본역 4번 출구에서655m',to_date('23/07/21','RR/MM/DD'),15000);
Insert into FACILITY (FAC_ID,FAC_NAME,FLOOR_TYPE,COURT_NO,ADDRESS,F_CONFIRM,COURT_PIC1,COURT_PIC2,COURT_PIC3,REGISTER_ID,OPEN_TIME,CLOSE_TIME,IN_OR_OUT,CONV,COME,REGI_TIME,C_PRICE) values ('fac_id12','김포 솔터 테니스장','잔디',9,'경기 김포시 김포한강3로 387','N','솔터1.jpg','솔터2.jpg','솔터3.jpg','test1','06','22','실외','무료주차장,남녀구분 화장실','3, 4-1(주말운행), 8-1, 33, 60-3, 81, 21 (김포생활체육관 하차)
30-2 (마산119안전센터 하차)
6427, 7000, 8000, 9000, 9008, G6004, 이음1(평일운행), 이음2(평일운행), 8600, 8601, 8601A, M6117, M6427 (마산역 하차)
김포골드라인 마산역 (3번출구)',to_date('23/07/21','RR/MM/DD'),10000);
Insert into FACILITY (FAC_ID,FAC_NAME,FLOOR_TYPE,COURT_NO,ADDRESS,F_CONFIRM,COURT_PIC1,COURT_PIC2,COURT_PIC3,REGISTER_ID,OPEN_TIME,CLOSE_TIME,IN_OR_OUT,CONV,COME,REGI_TIME,C_PRICE) values ('fac_id2','만석공원테니스장','하드',14,'경기 수원시 장안구 정조로 1107','Y','만석1.jpg','만석2.jpg','만석3.jpg','test1','06','21','실외','무료주차장,유료주차장,탈의실,샤워실,휴게실,남녀구분 화장실','만석공원 테니스 코트에서 가까운 건 제2공영주차장입니다. 근데 인근 도로에 주차 라인이 그려져있는데다가 심지어 무료라서 우선순위는 아니에요.',to_date('23/07/21','RR/MM/DD'),13000);
Insert into FACILITY (FAC_ID,FAC_NAME,FLOOR_TYPE,COURT_NO,ADDRESS,F_CONFIRM,COURT_PIC1,COURT_PIC2,COURT_PIC3,REGISTER_ID,OPEN_TIME,CLOSE_TIME,IN_OR_OUT,CONV,COME,REGI_TIME,C_PRICE) values ('fac_id13','랠리테니스 용마점','하드',18,'서울 중랑구 망우로70길 103','Y','서울-용마1.jpg','서울-용마2.jpg','서울-용마3.jpg','test1','06','22','실외','무료주차장,탈의실,샤워실,휴게실,매점,남녀구분 화장실','망우역1번 출구 도보 20분 삼용사입구정류장 도보 10분 용마공원입구정류장 도보 10분',to_date('23/07/21','RR/MM/DD'),1000);
Insert into FACILITY (FAC_ID,FAC_NAME,FLOOR_TYPE,COURT_NO,ADDRESS,F_CONFIRM,COURT_PIC1,COURT_PIC2,COURT_PIC3,REGISTER_ID,OPEN_TIME,CLOSE_TIME,IN_OR_OUT,CONV,COME,REGI_TIME,C_PRICE) values ('fac_id14','올림픽공원 실내테니스장','하드',19,'서울 송파구 올림픽로 424','Y','올림픽1.jpg','올림픽2.jpg','올림픽3.jpg','test1','06','22','실외','무료주차장,탈의실,샤워실,남녀구분 화장실','올림픽공원역 3번 출구에서360m',to_date('23/07/21','RR/MM/DD'),10000);
Insert into FACILITY (FAC_ID,FAC_NAME,FLOOR_TYPE,COURT_NO,ADDRESS,F_CONFIRM,COURT_PIC1,COURT_PIC2,COURT_PIC3,REGISTER_ID,OPEN_TIME,CLOSE_TIME,IN_OR_OUT,CONV,COME,REGI_TIME,C_PRICE) values ('fac_id15','목동테니스장','하드',18,'서울 양천구 안양천로 917','N','목동1.jpg','목동2.jpg','목동3.jpg','test1','06','22','실외','무료주차장,탈의실,샤워실,휴게실,남녀구분 화장실','오목교역 3번 출구에서382m',to_date('23/07/21','RR/MM/DD'),8000);
Insert into FACILITY (FAC_ID,FAC_NAME,FLOOR_TYPE,COURT_NO,ADDRESS,F_CONFIRM,COURT_PIC1,COURT_PIC2,COURT_PIC3,REGISTER_ID,OPEN_TIME,CLOSE_TIME,IN_OR_OUT,CONV,COME,REGI_TIME,C_PRICE) values ('fac_id16','새아침공원테니스장','잔디',4,'인천 연수구 신송로118번길 35','Y','f_default.jpg',null,null,'test1','06','22','실외','무료주차장,남녀구분 화장실','내용 없음',to_date('23/07/21','RR/MM/DD'),15000);
Insert into FACILITY (FAC_ID,FAC_NAME,FLOOR_TYPE,COURT_NO,ADDRESS,F_CONFIRM,COURT_PIC1,COURT_PIC2,COURT_PIC3,REGISTER_ID,OPEN_TIME,CLOSE_TIME,IN_OR_OUT,CONV,COME,REGI_TIME,C_PRICE) values ('fac_id17','백운테니스장','클레이',4,'강원특별자치도 원주시 흥업면 북원로 1794','Y','f_default.jpg',null,null,'test1','06','22','실외','무료주차장,탈의실,휴게실,남녀구분 화장실','백운 테니스장은 강원도 원주시 흥업면 ''육민관 고등학교''내에 위치 하고 있습니다.',to_date('23/07/21','RR/MM/DD'),10000);
Insert into FACILITY (FAC_ID,FAC_NAME,FLOOR_TYPE,COURT_NO,ADDRESS,F_CONFIRM,COURT_PIC1,COURT_PIC2,COURT_PIC3,REGISTER_ID,OPEN_TIME,CLOSE_TIME,IN_OR_OUT,CONV,COME,REGI_TIME,C_PRICE) values ('fac_id18','청주국제테니스장','하드',12,'충북 청주시 상당구 호미로 242','Y','청주1.jpg','청주2.jpg',null,'test1','06','21','실외','무료주차장,탈의실,샤워실,남녀구분 화장실','내용 없음',to_date('23/07/21','RR/MM/DD'),10000);
Insert into FACILITY (FAC_ID,FAC_NAME,FLOOR_TYPE,COURT_NO,ADDRESS,F_CONFIRM,COURT_PIC1,COURT_PIC2,COURT_PIC3,REGISTER_ID,OPEN_TIME,CLOSE_TIME,IN_OR_OUT,CONV,COME,REGI_TIME,C_PRICE) values ('fac_id19','공주시립테니스장','잔디',9,'충남 공주시 내산목천길 52-56','Y','공주1.jpg',null,null,'test1','06','22','실내',null,'내용 없음',to_date('23/07/21','RR/MM/DD'),12000);
Insert into FACILITY (FAC_ID,FAC_NAME,FLOOR_TYPE,COURT_NO,ADDRESS,F_CONFIRM,COURT_PIC1,COURT_PIC2,COURT_PIC3,REGISTER_ID,OPEN_TIME,CLOSE_TIME,IN_OR_OUT,CONV,COME,REGI_TIME,C_PRICE) values ('fac_id20','송강실내테니스장','잔디',4,'대전 유성구 대덕대로 1173','Y','송강1.jpg','송강2.jpg','송강3.jpg','test1','06','22','실내','무료주차장,탈의실,샤워실,남녀구분 화장실','내용 없음',to_date('23/07/21','RR/MM/DD'),10000);
Insert into FACILITY (FAC_ID,FAC_NAME,FLOOR_TYPE,COURT_NO,ADDRESS,F_CONFIRM,COURT_PIC1,COURT_PIC2,COURT_PIC3,REGISTER_ID,OPEN_TIME,CLOSE_TIME,IN_OR_OUT,CONV,COME,REGI_TIME,C_PRICE) values ('fac_id21','예천군 공설테니스장','하드',10,'경북 예천군 예천읍 충효로 357','Y','예천1.jpg',null,null,'test1','06','22','실내',null,'내용 없음',to_date('23/07/21','RR/MM/DD'),10000);
Insert into FACILITY (FAC_ID,FAC_NAME,FLOOR_TYPE,COURT_NO,ADDRESS,F_CONFIRM,COURT_PIC1,COURT_PIC2,COURT_PIC3,REGISTER_ID,OPEN_TIME,CLOSE_TIME,IN_OR_OUT,CONV,COME,REGI_TIME,C_PRICE) values ('fac_id22','창원시립테니스장','하드',22,'경남 창원시 성산구 비음로25번길 17','Y','창원1.jpg','창원2.jpg','창원3.jpg','test1','06','22','실외','무료주차장,탈의실,샤워실,휴게실,남녀구분 화장실','•창원에서 마산 방면 - 101/110/58/97/221/752/122/214/504/505/507/704/707

•마산에서 창원 방면 - 101/110/122/59/98/214/704/707/752/220/504/505/507

  ∗ 버스 정류장 : 창원시립테니스장 하차',to_date('23/07/21','RR/MM/DD'),8000);
Insert into FACILITY (FAC_ID,FAC_NAME,FLOOR_TYPE,COURT_NO,ADDRESS,F_CONFIRM,COURT_PIC1,COURT_PIC2,COURT_PIC3,REGISTER_ID,OPEN_TIME,CLOSE_TIME,IN_OR_OUT,CONV,COME,REGI_TIME,C_PRICE) values ('fac_id23','감삼테니스장','하드',5,'대구 서구 서대구로3길 43','Y','감삼1.jpg','감삼2.jpg','감삼3.jpg','test1','06','22','실외','무료주차장,남녀구분 화장실','내용 없음',to_date('23/07/21','RR/MM/DD'),15000);
Insert into FACILITY (FAC_ID,FAC_NAME,FLOOR_TYPE,COURT_NO,ADDRESS,F_CONFIRM,COURT_PIC1,COURT_PIC2,COURT_PIC3,REGISTER_ID,OPEN_TIME,CLOSE_TIME,IN_OR_OUT,CONV,COME,REGI_TIME,C_PRICE) values ('fac_id24','문수테니스장','하드',22,'울산 남구 문수로 44','Y','문수1.jpg','문수2.jpg','문수3.jpg','test1','08','19','실외','무료주차장,탈의실,휴게실,남녀구분 화장실','문수축구경기장 하차',to_date('23/07/21','RR/MM/DD'),15000);
Insert into FACILITY (FAC_ID,FAC_NAME,FLOOR_TYPE,COURT_NO,ADDRESS,F_CONFIRM,COURT_PIC1,COURT_PIC2,COURT_PIC3,REGISTER_ID,OPEN_TIME,CLOSE_TIME,IN_OR_OUT,CONV,COME,REGI_TIME,C_PRICE) values ('fac_id25','스포원파크 금정체육공원테니스장','하드',16,'부산 금정구 체육공원로399번길 324','Y','스포원1.jpg','스포원2.jpg','스포원3.jpg','test1','06','18','실외','무료주차장,남녀구분 화장실','지하철 1호선 노포역 하차 후 마을버스 환승

●마을버스(2-2번)
- 범어사역 ↔ 노포역 ↔ 스포원파크 ↔ 임기
- 운행시간 : 전일 운행 (06:15~23:05), 20분간격
- 문 의 : 051-508-4374 (용진교통)
●마을버스 (2-3번)
- 스포원 ↔ 노포동(지하철 노포역)',to_date('23/07/21','RR/MM/DD'),10000);
Insert into FACILITY (FAC_ID,FAC_NAME,FLOOR_TYPE,COURT_NO,ADDRESS,F_CONFIRM,COURT_PIC1,COURT_PIC2,COURT_PIC3,REGISTER_ID,OPEN_TIME,CLOSE_TIME,IN_OR_OUT,CONV,COME,REGI_TIME,C_PRICE) values ('fac_id26','마동테니스공원','잔디',16,'전북 익산시 마동 59-2','Y','익산1.jpg','익산2.jpg','익산3.jpg','test1','05','22','실내','무료주차장,탈의실,샤워실,남녀구분 화장실','내용 없음',to_date('23/07/21','RR/MM/DD'),10000);
Insert into FACILITY (FAC_ID,FAC_NAME,FLOOR_TYPE,COURT_NO,ADDRESS,F_CONFIRM,COURT_PIC1,COURT_PIC2,COURT_PIC3,REGISTER_ID,OPEN_TIME,CLOSE_TIME,IN_OR_OUT,CONV,COME,REGI_TIME,C_PRICE) values ('fac_id27','진남체육공원테니스장','하드',18,'전남 여수시 진남체육관길 74','Y','여수1.jpg','여수2.jpg','여수3.jpg','test1','09','22','실외','무료주차장,탈의실,샤워실,남녀구분 화장실','여수시 테니스장 ''진남 테니스장''은 여수종합버스터미널에서 도보로 15분 거리에 위치하고 있습니다.

여수 KTX 역에서는 버스로 30분 소요됩니다.',to_date('23/07/21','RR/MM/DD'),10000);
Insert into FACILITY (FAC_ID,FAC_NAME,FLOOR_TYPE,COURT_NO,ADDRESS,F_CONFIRM,COURT_PIC1,COURT_PIC2,COURT_PIC3,REGISTER_ID,OPEN_TIME,CLOSE_TIME,IN_OR_OUT,CONV,COME,REGI_TIME,C_PRICE) values ('fac_id28','상무시민공원 테니스장','하드',5,'광주 서구 상무공원로 101','Y','f_default.jpg',null,null,'test1','06','22','실외','무료주차장,남녀구분 화장실','내용 없음',to_date('23/07/21','RR/MM/DD'),10000);
Insert into FACILITY (FAC_ID,FAC_NAME,FLOOR_TYPE,COURT_NO,ADDRESS,F_CONFIRM,COURT_PIC1,COURT_PIC2,COURT_PIC3,REGISTER_ID,OPEN_TIME,CLOSE_TIME,IN_OR_OUT,CONV,COME,REGI_TIME,C_PRICE) values ('fac_id60','서귀포실내테니스장','하드',3,'제주특별자치도 서귀포시 동홍로99번길 24','Y','서귀포1.jpg','서귀포2.jpg','서귀포3.jpg','test1','06','22','실내','무료주차장,탈의실,샤워실,남녀구분 화장실','내용 없음',to_date('23/07/21','RR/MM/DD'),10000);

REM INSERTING into FAQ
SET DEFINE OFF;
Insert into FAQ (F_NUM,F_CATEGORY,F_TITLE,F_CONTENT,F_WRITER,F_DATE,F_VCOUNT) values (1,'all','회원가입이 안돼요','<p>Blah~ Blah~ Blah~</p><p>Blah~ Blah~ Blah~</p><p>Blah~ Blah~ Blah~<br></p>','admin',to_date('23/07/21','RR/MM/DD'),'4');
Insert into FAQ (F_NUM,F_CATEGORY,F_TITLE,F_CONTENT,F_WRITER,F_DATE,F_VCOUNT) values (2,'all','아이디를 잊어버렸어요','<p>Blah~ Blah~ Blah~<span style="background-color: rgba(var(--bs-white-rgb),var(--bs-bg-opacity)); font-size: var(--bs-body-font-size); font-weight: var(--bs-body-font-weight); text-align: var(--bs-body-text-align);">Blah~ Blah~ Blah~</span><span style="background-color: rgba(var(--bs-white-rgb),var(--bs-bg-opacity)); font-size: var(--bs-body-font-size); font-weight: var(--bs-body-font-weight); text-align: var(--bs-body-text-align);">Blah~ Blah~ Blah~</span></p><p>Blah~ Blah~ Blah~Blah~ Blah~ Blah~</p><p>Blah~ Blah~ Blah~<span style="background-color: rgba(var(--bs-white-rgb),var(--bs-bg-opacity)); font-size: var(--bs-body-font-size); font-weight: var(--bs-body-font-weight); text-align: var(--bs-body-text-align);"><br></span><br></p>','admin',to_date('23/07/21','RR/MM/DD'),'2');
Insert into FAQ (F_NUM,F_CATEGORY,F_TITLE,F_CONTENT,F_WRITER,F_DATE,F_VCOUNT) values (4,'all','코트 예약이 안돼요','<p>Blah~ Blah~ Blah~<span style="background-color: rgba(var(--bs-white-rgb),var(--bs-bg-opacity)); font-size: var(--bs-body-font-size); font-weight: var(--bs-body-font-weight); text-align: var(--bs-body-text-align);">Blah~ Blah~ Blah~</span></p><p>Blah~ Blah~ Blah~</p><p>Blah~ Blah~ Blah~Blah~ Blah~ Blah~Blah~ Blah~ Blah~</p><p>Blah~ Blah~ Blah~Blah~ Blah~ Blah~Blah~ Blah~ Blah~</p><p>Blah~ Blah~ Blah~Blah~ Blah~ Blah~</p><p>Blah~ Blah~ Blah~<span style="background-color: rgba(var(--bs-white-rgb),var(--bs-bg-opacity)); font-size: var(--bs-body-font-size); font-weight: var(--bs-body-font-weight); text-align: var(--bs-body-text-align);"><br></span><br></p>','admin',to_date('23/07/21','RR/MM/DD'),'1');
Insert into FAQ (F_NUM,F_CATEGORY,F_TITLE,F_CONTENT,F_WRITER,F_DATE,F_VCOUNT) values (5,'all','신청한 매치를 취소하고 싶어요','<p>Blah~ Blah~ Blah~<span style="background-color: rgba(var(--bs-white-rgb),var(--bs-bg-opacity)); font-size: var(--bs-body-font-size); font-weight: var(--bs-body-font-weight); text-align: var(--bs-body-text-align);">Blah~ Blah~ Blah~</span></p><p>Blah~ Blah~ Blah~</p><p>Blah~ Blah~ Blah~Blah~ Blah~ Blah~</p><p>Blah~ Blah~ Blah~Blah~ Blah~ Blah~</p><p>Blah~ Blah~ Blah~<span style="background-color: rgba(var(--bs-white-rgb),var(--bs-bg-opacity)); font-size: var(--bs-body-font-size); font-weight: var(--bs-body-font-weight); text-align: var(--bs-body-text-align);"><br></span><br></p>','admin',to_date('23/07/21','RR/MM/DD'),'0');
Insert into FAQ (F_NUM,F_CATEGORY,F_TITLE,F_CONTENT,F_WRITER,F_DATE,F_VCOUNT) values (8,'all','커뮤니티 게시글 등록이 안돼요','<p>Blah~ Blah~ Blah~<span style="background-color: rgba(var(--bs-white-rgb),var(--bs-bg-opacity)); font-size: var(--bs-body-font-size); font-weight: var(--bs-body-font-weight); text-align: var(--bs-body-text-align);">Blah~ Blah~ Blah~</span><span style="background-color: rgba(var(--bs-white-rgb),var(--bs-bg-opacity)); font-size: var(--bs-body-font-size); font-weight: var(--bs-body-font-weight); text-align: var(--bs-body-text-align);">Blah~ Blah~ Blah~</span></p><p>Blah~ Blah~ Blah~Blah~ Blah~ Blah~</p><p>Blah~ Blah~ Blah~Blah~ Blah~ Blah~</p><p>Blah~ Blah~<span style="background-color: rgba(var(--bs-white-rgb),var(--bs-bg-opacity)); font-size: var(--bs-body-font-size); font-weight: var(--bs-body-font-weight); text-align: var(--bs-body-text-align);">Blah~ Blah~ Blah~</span><span style="background-color: rgba(var(--bs-white-rgb),var(--bs-bg-opacity)); font-size: var(--bs-body-font-size); font-weight: var(--bs-body-font-weight); text-align: var(--bs-body-text-align);">Blah~ Blah~ Blah~</span></p><p>Blah~ Blah~ Blah~</p><p>Blah~ Blah~ Blah~<span style="background-color: rgba(var(--bs-white-rgb),var(--bs-bg-opacity)); font-size: var(--bs-body-font-size); font-weight: var(--bs-body-font-weight); text-align: var(--bs-body-text-align);"><br></span></p><p><br></p>','admin',to_date('23/07/21','RR/MM/DD'),'1');
Insert into FAQ (F_NUM,F_CATEGORY,F_TITLE,F_CONTENT,F_WRITER,F_DATE,F_VCOUNT) values (3,'all','비밀번호를 잊어버렸어요','<p>Blah~ Blah~ Blah~<span style="background-color: rgba(var(--bs-white-rgb),var(--bs-bg-opacity)); font-size: var(--bs-body-font-size); font-weight: var(--bs-body-font-weight); text-align: var(--bs-body-text-align);">Blah~ Blah~ Blah~</span></p><p>Blah~ Blah~ Blah~</p><p>Blah~ Blah~ Blah~Blah~ Blah~ Blah~</p><p>Blah~ Blah~ Blah~<span style="background-color: rgba(var(--bs-white-rgb),var(--bs-bg-opacity)); font-size: var(--bs-body-font-size); font-weight: var(--bs-body-font-weight); text-align: var(--bs-body-text-align);"><br></span><br></p>','admin',to_date('23/07/21','RR/MM/DD'),'0');
Insert into FAQ (F_NUM,F_CATEGORY,F_TITLE,F_CONTENT,F_WRITER,F_DATE,F_VCOUNT) values (7,'all','비밀번호 변경이 안돼요','<p>Blah~ Blah~ Blah~<span style="background-color: rgba(var(--bs-white-rgb),var(--bs-bg-opacity)); font-size: var(--bs-body-font-size); font-weight: var(--bs-body-font-weight); text-align: var(--bs-body-text-align);">Blah~ Blah~ Blah~</span></p><p>Blah~ Blah~ Blah~</p><p>Blah~ Blah~ Blah~Blah~ Blah~ Blah~Blah~ Blah~ Blah~Blah~ Blah~ Blah~</p><p>Blah~ Blah~ Blah~Blah~ Blah~ Blah~Blah~ Blah~ Blah~</p><p>Blah~ Blah~ Blah~Blah~ Blah~ Blah~</p><p>Blah~ Blah~ Blah~<span style="background-color: rgba(var(--bs-white-rgb),var(--bs-bg-opacity)); font-size: var(--bs-body-font-size); font-weight: var(--bs-body-font-weight); text-align: var(--bs-body-text-align);"><br></span><br></p>','admin',to_date('23/07/21','RR/MM/DD'),'0');
Insert into FAQ (F_NUM,F_CATEGORY,F_TITLE,F_CONTENT,F_WRITER,F_DATE,F_VCOUNT) values (6,'all','부적절한 경매 상품을 신고하고 싶어요','<p>Blah~ Blah~ Blah~<span style="background-color: rgba(var(--bs-white-rgb),var(--bs-bg-opacity)); font-size: var(--bs-body-font-size); font-weight: var(--bs-body-font-weight); text-align: var(--bs-body-text-align);">Blah~ Blah~ Blah~</span></p><p>Blah~ Blah~ Blah~</p><p>Blah~ Blah~ Blah~Blah~ Blah~ Blah~</p><p>Blah~ Blah~ Blah~Blah~ Blah~ Blah~</p><p>Blah~ Blah~ Blah~<span style="background-color: rgba(var(--bs-white-rgb),var(--bs-bg-opacity)); font-size: var(--bs-body-font-size); font-weight: var(--bs-body-font-weight); text-align: var(--bs-body-text-align);"><br></span><br></p>','admin',to_date('23/07/21','RR/MM/DD'),'0');

REM INSERTING into GAME
SET DEFINE OFF;
Insert into GAME (G_NUM,G_NAME,G_AMOUNT,G_START_DT,G_BILL,G_INFO,G_CREATER,C_ID,FAC_ID,G_METHOD,G_NTRP,G_END_DT,G_OPEN,G_REMAINING,FAC_NAME,G_ADDRESS,G_RESID,G_JOINER) values (11,'인천 송도에 사시는분 주목!!',2,'2023-07-27 15:00',4000,'무더운 여름이지만 낮테 하실분 모집합니다. 
남복할 예정입니다. ','matchmaker',' 10번',null,'남자복식',1.5,'2023-07-27 18:00','Y',1,'새아침공원테니스장','인천 연수구 신송로118번길 35',null,null);
Insert into GAME (G_NUM,G_NAME,G_AMOUNT,G_START_DT,G_BILL,G_INFO,G_CREATER,C_ID,FAC_ID,G_METHOD,G_NTRP,G_END_DT,G_OPEN,G_REMAINING,FAC_NAME,G_ADDRESS,G_RESID,G_JOINER) values (75,'광명시립테니스장 모집합니다.',2,'2023-07-25 13:00',8000,'남1(2.0) 여1(1.5) 있습니다. 남1, 여1 모집합니다!','tester1',' 3번',null,'혼합복식',1.5,'2023-07-25 15:00','Y',2,'광명시립테니스장','경기도 광명시 금하로 201-68',null,null);
Insert into GAME (G_NUM,G_NAME,G_AMOUNT,G_START_DT,G_BILL,G_INFO,G_CREATER,C_ID,FAC_ID,G_METHOD,G_NTRP,G_END_DT,G_OPEN,G_REMAINING,FAC_NAME,G_ADDRESS,G_RESID,G_JOINER) values (78,'성사시립테니스장',2,'2023-07-27 15:00',4000,null,'tester1',' 2번',null,'혼합복식',1.5,'2023-07-27 17:00','Y',2,null,null,null,null);
Insert into GAME (G_NUM,G_NAME,G_AMOUNT,G_START_DT,G_BILL,G_INFO,G_CREATER,C_ID,FAC_ID,G_METHOD,G_NTRP,G_END_DT,G_OPEN,G_REMAINING,FAC_NAME,G_ADDRESS,G_RESID,G_JOINER) values (79,'광명시립테니스장 모집합니다',3,'2023-07-25 18:00',5000,'재밌는 경기해요!','tester3',' 3번',null,'혼합복식',1,'2023-07-25 19:00','Y',3,'광명시립테니스장','경기도 광명시 금하로 201-68',null,null);
Insert into GAME (G_NUM,G_NAME,G_AMOUNT,G_START_DT,G_BILL,G_INFO,G_CREATER,C_ID,FAC_ID,G_METHOD,G_NTRP,G_END_DT,G_OPEN,G_REMAINING,FAC_NAME,G_ADDRESS,G_RESID,G_JOINER) values (4,'제주 실내테니스장 혼복 모집',2,'2023-07-25 19:00',15000,'더운 여름, 실내에서 재밌게 혼복하실분
테린이 환영
개인 음료랑 장비 지참 바랍니다~','hllee',' 1',null,'혼합복식',1,'2023-07-25 21:00','N',0,'서귀포실내테니스장','제주특별자치도 서귀포시 동홍로99번길 24',null,null);
Insert into GAME (G_NUM,G_NAME,G_AMOUNT,G_START_DT,G_BILL,G_INFO,G_CREATER,C_ID,FAC_ID,G_METHOD,G_NTRP,G_END_DT,G_OPEN,G_REMAINING,FAC_NAME,G_ADDRESS,G_RESID,G_JOINER) values (15,'강원도 백운테니스장 혼복 모집합니다.',3,'2023-07-24 12:00',15000,'돌아가면서 혼복 진행될 예정입니다.','tester1',' 2',null,'혼합복식',2,'2023-07-24 14:00','Y',2,'백운테니스장','강원특별자치도 원주시 흥업면 북원로 1794',null,null);
Insert into GAME (G_NUM,G_NAME,G_AMOUNT,G_START_DT,G_BILL,G_INFO,G_CREATER,C_ID,FAC_ID,G_METHOD,G_NTRP,G_END_DT,G_OPEN,G_REMAINING,FAC_NAME,G_ADDRESS,G_RESID,G_JOINER) values (17,'부천종합운동장테니스장 모집',1,'2023-07-21 18:00',5000,'남자 단식 구합니다','tester1',' 1',null,'남자단식',1,'2023-07-21 17:23','Y',1,'부천종합운동장테니스장','경기 부천시 길주로 486',null,null);
Insert into GAME (G_NUM,G_NAME,G_AMOUNT,G_START_DT,G_BILL,G_INFO,G_CREATER,C_ID,FAC_ID,G_METHOD,G_NTRP,G_END_DT,G_OPEN,G_REMAINING,FAC_NAME,G_ADDRESS,G_RESID,G_JOINER) values (19,'같이 게임해요 ',1,'2023-07-20 21:00',4000,'d','creater',' 3',null,'혼합복식',1,'2023-07-20 23:00','Y',1,'부천종합운동장테니스장','경기 부천시 길주로 486',null,null);
Insert into GAME (G_NUM,G_NAME,G_AMOUNT,G_START_DT,G_BILL,G_INFO,G_CREATER,C_ID,FAC_ID,G_METHOD,G_NTRP,G_END_DT,G_OPEN,G_REMAINING,FAC_NAME,G_ADDRESS,G_RESID,G_JOINER) values (27,'테스트 매치입니다.',2,'2023-07-23 14:00',10000,'좋은 경기 부탁드립니다.','test123',' A',null,'혼합복식',1.5,'2023-07-23 15:00','Y',1,'성남양지테니스장','경기 성남시 수정구 수정로466번길 46',null,null);
Insert into GAME (G_NUM,G_NAME,G_AMOUNT,G_START_DT,G_BILL,G_INFO,G_CREATER,C_ID,FAC_ID,G_METHOD,G_NTRP,G_END_DT,G_OPEN,G_REMAINING,FAC_NAME,G_ADDRESS,G_RESID,G_JOINER) values (41,'경기 연천 테린이 매치 모집합니다 !!',2,'2023-07-25 09:00',2000,'저는 테린이 입니다. 잘 부탁드려요! 초보만 신청해주세요 제발 ~','tester6',' A',null,'혼합복식',1,'2023-07-25 10:00','Y',1,'연천공설운동장테니스장','경기 연천군 연천읍 문화로 150',null,null);
Insert into GAME (G_NUM,G_NAME,G_AMOUNT,G_START_DT,G_BILL,G_INFO,G_CREATER,C_ID,FAC_ID,G_METHOD,G_NTRP,G_END_DT,G_OPEN,G_REMAINING,FAC_NAME,G_ADDRESS,G_RESID,G_JOINER) values (61,'연천군 매치 등록합니다 !!',2,'2023-07-24 15:00',2000,'재밌는 경기 부탁드립니다! 초보입니다 ㅠㅠ','tester6',' A',null,'혼합복식',1,'2023-07-24 16:00','Y',1,'연천공설운동장테니스장','경기 연천군 연천읍 문화로 150',null,null);
Insert into GAME (G_NUM,G_NAME,G_AMOUNT,G_START_DT,G_BILL,G_INFO,G_CREATER,C_ID,FAC_ID,G_METHOD,G_NTRP,G_END_DT,G_OPEN,G_REMAINING,FAC_NAME,G_ADDRESS,G_RESID,G_JOINER) values (63,'올림픽공원 실내테니스장 모집합니다!!',2,'2023-07-26 13:00',15000,'구력 1년 & 3개월 여성 대기중입니다! 즐거운 게임해요!','tester2','4',null,'여자복식',2,'2023-07-26 15:00','Y',2,'올림픽공원 실내테니스장','서울 송파구 올림픽로 424',null,null);
Insert into GAME (G_NUM,G_NAME,G_AMOUNT,G_START_DT,G_BILL,G_INFO,G_CREATER,C_ID,FAC_ID,G_METHOD,G_NTRP,G_END_DT,G_OPEN,G_REMAINING,FAC_NAME,G_ADDRESS,G_RESID,G_JOINER) values (66,'테린이 모여라 !!! NTRP 1.5 이하 모집',3,'2023-07-25 13:00',3000,'진짜 테니스 초보만 신청해주세요 !!!','terrin2','1',null,'혼합복식',1,'2023-07-25 14:00','Y',3,'성남양지테니스장','경기 성남시 수정구 수정로466번길 46',null,null);
Insert into GAME (G_NUM,G_NAME,G_AMOUNT,G_START_DT,G_BILL,G_INFO,G_CREATER,C_ID,FAC_ID,G_METHOD,G_NTRP,G_END_DT,G_OPEN,G_REMAINING,FAC_NAME,G_ADDRESS,G_RESID,G_JOINER) values (70,'진남체육공원테니스장',3,'2023-07-25 12:00',4000,'10개월차 테린이 입니다. 혼복 4인 진행될 예정입니다.','manseo',' 3번',null,'혼합복식',1,'2023-07-25 14:00','Y',3,'진남체육공원테니스장','전남 여수시 진남체육관길 74',null,null);
Insert into GAME (G_NUM,G_NAME,G_AMOUNT,G_START_DT,G_BILL,G_INFO,G_CREATER,C_ID,FAC_ID,G_METHOD,G_NTRP,G_END_DT,G_OPEN,G_REMAINING,FAC_NAME,G_ADDRESS,G_RESID,G_JOINER) values (74,'[김포] 솔터 테니스장 모집',2,'2023-07-28 11:00',9000,'여성 두분 모집합니다! 편하게 신청해주세요!','manseo',' 3번',null,'여자복식',1,'2023-07-28 13:00','Y',2,'김포 솔터 테니스장','경기 김포시 김포한강3로 387',null,null);
Insert into GAME (G_NUM,G_NAME,G_AMOUNT,G_START_DT,G_BILL,G_INFO,G_CREATER,C_ID,FAC_ID,G_METHOD,G_NTRP,G_END_DT,G_OPEN,G_REMAINING,FAC_NAME,G_ADDRESS,G_RESID,G_JOINER) values (76,'[용인] 남복 테니스 치실 분?',3,'2023-07-26 13:00',8000,'남성 3분 모집합니다.','tester1',' 3번',null,'남자복식',1.5,'2023-07-26 15:00','Y',3,'골드CC 시립테니스장','경기 용인시 기흥구 고매동 33-12',null,null);
Insert into GAME (G_NUM,G_NAME,G_AMOUNT,G_START_DT,G_BILL,G_INFO,G_CREATER,C_ID,FAC_ID,G_METHOD,G_NTRP,G_END_DT,G_OPEN,G_REMAINING,FAC_NAME,G_ADDRESS,G_RESID,G_JOINER) values (77,'랠리테니스 용마점 모집',1,'2023-07-25 15:00',5000,'남성 1분 모집합니다.','tester1',' 2번',null,'남자단식',1.5,'2023-07-25 16:00','Y',1,'랠리테니스 용마점','서울 중랑구 망우로70길 103',null,null);
Insert into GAME (G_NUM,G_NAME,G_AMOUNT,G_START_DT,G_BILL,G_INFO,G_CREATER,C_ID,FAC_ID,G_METHOD,G_NTRP,G_END_DT,G_OPEN,G_REMAINING,FAC_NAME,G_ADDRESS,G_RESID,G_JOINER) values (82,'부천종합운동장테니스장',1,'2023-07-27 14:00',5000,'혼합 복식 여성 한분 모집합니다!','tester3',' 2번',null,'혼합복식',1,'2023-07-24 15:00','Y',1,'부천종합운동장테니스장','경기 부천시 길주로 486',null,null);
Insert into GAME (G_NUM,G_NAME,G_AMOUNT,G_START_DT,G_BILL,G_INFO,G_CREATER,C_ID,FAC_ID,G_METHOD,G_NTRP,G_END_DT,G_OPEN,G_REMAINING,FAC_NAME,G_ADDRESS,G_RESID,G_JOINER) values (6,'서울 용마 혼복하실분 ',3,'2023-07-29 21:00',1000,'서울용마 랠리테니스장에서 혼복 하실분 모집합니다. ','creater',' 3',null,'혼합복식',1,'2023-07-29 23:00','Y',3,'랠리테니스 용마점','서울 중랑구 망우로70길 103',null,null);
Insert into GAME (G_NUM,G_NAME,G_AMOUNT,G_START_DT,G_BILL,G_INFO,G_CREATER,C_ID,FAC_ID,G_METHOD,G_NTRP,G_END_DT,G_OPEN,G_REMAINING,FAC_NAME,G_ADDRESS,G_RESID,G_JOINER) values (10,'가평테니스장 혼복 모집',3,'2023-07-22 17:00',5000,'2시간 동안 혼복하실 분!! 공은 제가 가져갈게요!','tester1',' 3',null,'혼합복식',2.5,'2023-07-22 19:00','Y',2,'가평테니스장','경기 가평군 가평읍 문화로 131',null,null);
Insert into GAME (G_NUM,G_NAME,G_AMOUNT,G_START_DT,G_BILL,G_INFO,G_CREATER,C_ID,FAC_ID,G_METHOD,G_NTRP,G_END_DT,G_OPEN,G_REMAINING,FAC_NAME,G_ADDRESS,G_RESID,G_JOINER) values (62,'상무시민공원 테니스장 모집',3,'2023-07-25 17:00',15000,'혼합복식 두시간 모집합니다!','tester2','1',null,'혼합복식',2,'2023-07-25 19:00','Y',3,'상무시민공원 테니스장','광주 서구 상무공원로 101',null,null);
Insert into GAME (G_NUM,G_NAME,G_AMOUNT,G_START_DT,G_BILL,G_INFO,G_CREATER,C_ID,FAC_ID,G_METHOD,G_NTRP,G_END_DT,G_OPEN,G_REMAINING,FAC_NAME,G_ADDRESS,G_RESID,G_JOINER) values (65,'[전북 익산] 마동테니스공원 모집',3,'2023-07-25 14:00',7000,'1.5~2년차 여복 구합니다.','minseo','2번',null,'여자복식',2.5,'2023-07-25 16:00','Y',3,'마동테니스공원','전북 익산시 마동 59-2',null,null);
Insert into GAME (G_NUM,G_NAME,G_AMOUNT,G_START_DT,G_BILL,G_INFO,G_CREATER,C_ID,FAC_ID,G_METHOD,G_NTRP,G_END_DT,G_OPEN,G_REMAINING,FAC_NAME,G_ADDRESS,G_RESID,G_JOINER) values (67,'골드CC 시립테니스장',2,'2023-07-26 17:00',5000,'현재 남1(1.5) 여1(3.0) 있습니다.
편하게 혼복하실 분 신청해주세요!','minseo',' 2번',null,'혼합복식',2,'2023-07-26 18:00','Y',2,'골드CC 시립테니스장','경기 용인시 기흥구 고매동 33-12',null,null);
Insert into GAME (G_NUM,G_NAME,G_AMOUNT,G_START_DT,G_BILL,G_INFO,G_CREATER,C_ID,FAC_ID,G_METHOD,G_NTRP,G_END_DT,G_OPEN,G_REMAINING,FAC_NAME,G_ADDRESS,G_RESID,G_JOINER) values (69,'대구 감삼테니스장 모집',2,'2023-07-28 14:00',8000,'현재 여2있습니다! 편하게 매치 신청해주세요!!','minseo','4번',null,'여자복식',2,'2023-07-28 16:00','Y',2,'감삼테니스장','대구 서구 서대구로3길 43',null,null);
Insert into GAME (G_NUM,G_NAME,G_AMOUNT,G_START_DT,G_BILL,G_INFO,G_CREATER,C_ID,FAC_ID,G_METHOD,G_NTRP,G_END_DT,G_OPEN,G_REMAINING,FAC_NAME,G_ADDRESS,G_RESID,G_JOINER) values (71,'군포도시공사 시민체육광장테니스장',2,'2023-07-26 18:00',4000,'즐거운 테니스 하실 분 모집합니다!','manseo',' 6번',null,'여자복식',1,'2023-07-26 19:00','Y',2,'군포도시공사 시민체육광장테니스장','경기 군포시 산본로 267',null,null);
Insert into GAME (G_NUM,G_NAME,G_AMOUNT,G_START_DT,G_BILL,G_INFO,G_CREATER,C_ID,FAC_ID,G_METHOD,G_NTRP,G_END_DT,G_OPEN,G_REMAINING,FAC_NAME,G_ADDRESS,G_RESID,G_JOINER) values (72,'부천종합운동장테니스장 모집!',1,'2023-07-26 20:00',5000,'재밌는 경기해요!','manseo',' 2번',null,'여자단식',1.5,'2023-07-26 21:00','Y',1,'부천종합운동장테니스장','경기 부천시 길주로 486',null,null);
Insert into GAME (G_NUM,G_NAME,G_AMOUNT,G_START_DT,G_BILL,G_INFO,G_CREATER,C_ID,FAC_ID,G_METHOD,G_NTRP,G_END_DT,G_OPEN,G_REMAINING,FAC_NAME,G_ADDRESS,G_RESID,G_JOINER) values (73,'목동테니스장에서 테니스 치실분???',2,'2023-07-27 15:00',8000,'랠리 및 게임 진행합니다.','manseo',' 3번',null,'혼합복식',1,'2023-07-27 17:00','Y',2,'목동테니스장','서울 양천구 안양천로 917',null,null);
Insert into GAME (G_NUM,G_NAME,G_AMOUNT,G_START_DT,G_BILL,G_INFO,G_CREATER,C_ID,FAC_ID,G_METHOD,G_NTRP,G_END_DT,G_OPEN,G_REMAINING,FAC_NAME,G_ADDRESS,G_RESID,G_JOINER) values (80,'부천종합운동장테니스장',1,'2023-07-25 16:00',4000,'단식 게임 1분 모집합니다.','tester3',' 3번',null,'남자단식',1,'2023-07-25 17:00','Y',1,'부천종합운동장테니스장','경기 부천시 길주로 486',null,null);
Insert into GAME (G_NUM,G_NAME,G_AMOUNT,G_START_DT,G_BILL,G_INFO,G_CREATER,C_ID,FAC_ID,G_METHOD,G_NTRP,G_END_DT,G_OPEN,G_REMAINING,FAC_NAME,G_ADDRESS,G_RESID,G_JOINER) values (81,'연천에서 테니스 치실분 모집합니다.',3,'2023-07-24 14:00',5000,'즐거운 게임해요! 공은 제가 가져갈게요!','tester3',' 3번',null,'혼합복식',1,'2023-07-26 15:00','Y',3,'연천공설운동장테니스장','경기 연천군 연천읍 문화로 150',null,null);
Insert into GAME (G_NUM,G_NAME,G_AMOUNT,G_START_DT,G_BILL,G_INFO,G_CREATER,C_ID,FAC_ID,G_METHOD,G_NTRP,G_END_DT,G_OPEN,G_REMAINING,FAC_NAME,G_ADDRESS,G_RESID,G_JOINER) values (9,'혼복하고 싶어요 ! 함께해요!',2,'2023-07-27 20:00',4800,'테린이 환영합니다. 재밌게 혼복하실분 신청해주세요!!!','matchmaker',' 3',null,'혼합복식',1,'2023-07-27 22:00','Y',2,'골드CC 시립테니스장','경기 용인시 기흥구 고매동 33-12',null,null);
Insert into GAME (G_NUM,G_NAME,G_AMOUNT,G_START_DT,G_BILL,G_INFO,G_CREATER,C_ID,FAC_ID,G_METHOD,G_NTRP,G_END_DT,G_OPEN,G_REMAINING,FAC_NAME,G_ADDRESS,G_RESID,G_JOINER) values (1,'즐거운 게임해요!',3,'2023-07-21 20:00',5000,null,'tester2',' 3번',null,'혼합복식',3,'2023-07-21 22:00','Y',2,'연천공설운동장테니스장',null,null,null);
Insert into GAME (G_NUM,G_NAME,G_AMOUNT,G_START_DT,G_BILL,G_INFO,G_CREATER,C_ID,FAC_ID,G_METHOD,G_NTRP,G_END_DT,G_OPEN,G_REMAINING,FAC_NAME,G_ADDRESS,G_RESID,G_JOINER) values (3,'토요일 성사시립테니스장 12-3시 구력 10년이상 3명 구합니다. - 해커입니다.',3,'2023-07-22 16:00',5000,null,'hllee',' 2번',null,'여자복식',3.5,'2023-07-21 18:00','Y',1,null,null,null,null);
Insert into GAME (G_NUM,G_NAME,G_AMOUNT,G_START_DT,G_BILL,G_INFO,G_CREATER,C_ID,FAC_ID,G_METHOD,G_NTRP,G_END_DT,G_OPEN,G_REMAINING,FAC_NAME,G_ADDRESS,G_RESID,G_JOINER) values (5,'수원 만석공원 여성 구력 5년이상 모집',1,'2023-07-28 20:00',6000,'여자 단식 하실 분 구합니다~
회비는 코트비/n 입니다. 구력 5년이상 신청해주세요. ','creater',' 13번',null,'여자단식',2,'2023-07-28 22:00','N',0,'만석공원테니스장','경기 수원시 장안구 정조로 1107',null,null);
Insert into GAME (G_NUM,G_NAME,G_AMOUNT,G_START_DT,G_BILL,G_INFO,G_CREATER,C_ID,FAC_ID,G_METHOD,G_NTRP,G_END_DT,G_OPEN,G_REMAINING,FAC_NAME,G_ADDRESS,G_RESID,G_JOINER) values (7,'올공 실내 같이 운동해요 ',2,'2023-07-30 18:00',18000,'실내에서 빡겜하실분 모집합니다. 
NTRP 4.0 이상인 분들만 신청해주세요','creater',' 3',null,'남자복식',4,'2023-07-30 20:00','Y',2,'올림픽공원 실내테니스장','서울 송파구 올림픽로 424',null,null);
Insert into GAME (G_NUM,G_NAME,G_AMOUNT,G_START_DT,G_BILL,G_INFO,G_CREATER,C_ID,FAC_ID,G_METHOD,G_NTRP,G_END_DT,G_OPEN,G_REMAINING,FAC_NAME,G_ADDRESS,G_RESID,G_JOINER) values (8,'가평에서 운동하실분~',3,'2023-07-26 20:00',3000,'가평테니스장에서 즐겜 하실분 모집합니다. 
지나친 승부욕 지양합니다. ㅜ','hllee',' 3',null,'남자복식',2,'2023-07-26 22:00','Y',3,'가평테니스장','경기 가평군 가평읍 문화로 131',null,null);
Insert into GAME (G_NUM,G_NAME,G_AMOUNT,G_START_DT,G_BILL,G_INFO,G_CREATER,C_ID,FAC_ID,G_METHOD,G_NTRP,G_END_DT,G_OPEN,G_REMAINING,FAC_NAME,G_ADDRESS,G_RESID,G_JOINER) values (12,'재밌게 세시간 동안 운동하실분~',2,'2023-07-28 20:00',5000,'저는 테린이지만 열정만은 가득합니다!! 3시간동안 빡테 하실분!!','glasses',' 2번',null,'여자복식',1.5,'2023-07-28 22:00','Y',2,'성남양지테니스장','경기 성남시 수정구 수정로466번길 46',null,null);
Insert into GAME (G_NUM,G_NAME,G_AMOUNT,G_START_DT,G_BILL,G_INFO,G_CREATER,C_ID,FAC_ID,G_METHOD,G_NTRP,G_END_DT,G_OPEN,G_REMAINING,FAC_NAME,G_ADDRESS,G_RESID,G_JOINER) values (13,'여복 모집합니다~~~',1,'2023-07-29 20:00',6000,'김포에서 여복하실분 ~~ 구력 3년 이상 신청해주세요 ㅎㅎ
개인 음료랑 장비 지참 바랍니다. 캔볼은 제가 깔게요 ㅎㅎ','glasses',' 1',null,'여자복식',2,'2023-07-29 22:00','Y',1,'김포 솔터 테니스장','경기 김포시 김포한강3로 387',null,null);
Insert into GAME (G_NUM,G_NAME,G_AMOUNT,G_START_DT,G_BILL,G_INFO,G_CREATER,C_ID,FAC_ID,G_METHOD,G_NTRP,G_END_DT,G_OPEN,G_REMAINING,FAC_NAME,G_ADDRESS,G_RESID,G_JOINER) values (14,'골드CC 시립테니스장 모집',1,'2023-07-23 17:00',10000,'2시간 동안 랠리 or 랠리+단식 하실분 구해요','tester1',' 2',null,'남자단식',2.5,'2023-07-23 19:00','Y',1,'골드CC 시립테니스장','경기 용인시 기흥구 고매동 33-12',null,null);
Insert into GAME (G_NUM,G_NAME,G_AMOUNT,G_START_DT,G_BILL,G_INFO,G_CREATER,C_ID,FAC_ID,G_METHOD,G_NTRP,G_END_DT,G_OPEN,G_REMAINING,FAC_NAME,G_ADDRESS,G_RESID,G_JOINER) values (16,'✨ 대전 송강실내테니스장 모집',3,'2023-07-26 11:00',12000,'20분정도 랠리 후 돌아가면서 게임예정입니다!!','tester1',' 2',null,'남자복식',1.5,'2023-07-26 13:00','Y',3,'송강실내테니스장','대전 유성구 대덕대로 1173',null,null);
Insert into GAME (G_NUM,G_NAME,G_AMOUNT,G_START_DT,G_BILL,G_INFO,G_CREATER,C_ID,FAC_ID,G_METHOD,G_NTRP,G_END_DT,G_OPEN,G_REMAINING,FAC_NAME,G_ADDRESS,G_RESID,G_JOINER) values (23,'평택에서 혼복 모집합니다 ㅎㅎ',2,'2023-07-31 18:00',5000,'재밌는 경기, 매너있는 경기, 소중한 인연으로 만나뵙길 희망합니다!!! 잘부탁드립니다!!','creater',' 1번',null,'여자복식',1.5,'2023-07-31 19:00','Y',2,'이충레포츠공원 테니스장','경기 평택시 장안웃길 149',null,null);
Insert into GAME (G_NUM,G_NAME,G_AMOUNT,G_START_DT,G_BILL,G_INFO,G_CREATER,C_ID,FAC_ID,G_METHOD,G_NTRP,G_END_DT,G_OPEN,G_REMAINING,FAC_NAME,G_ADDRESS,G_RESID,G_JOINER) values (21,'중랑구 인근 완전 초보 테린이 혼복 모아요',3,'2023-07-25 20:00',10000,'공은 제가 준비합니다. 개인 음료 등 개인 물품은 챙겨오세요.','asdinosaur',' 코트 11',null,'혼합복식',2,'2023-07-25 22:00','Y',3,'랠리테니스 용마점','서울 중랑구 망우로70길 103',null,null);
Insert into GAME (G_NUM,G_NAME,G_AMOUNT,G_START_DT,G_BILL,G_INFO,G_CREATER,C_ID,FAC_ID,G_METHOD,G_NTRP,G_END_DT,G_OPEN,G_REMAINING,FAC_NAME,G_ADDRESS,G_RESID,G_JOINER) values (22,'세 게임 보장 합니다!!!',2,'2023-07-31 16:00',6000,'3게임 보장해 드립니다. 많은 신청 부탁드려요','creater',' 2번',null,'남자복식',1.5,'2023-07-31 18:00','Y',2,'성사시립테니스장','경기 고양시 덕양구 호국로 876',null,null);
Insert into GAME (G_NUM,G_NAME,G_AMOUNT,G_START_DT,G_BILL,G_INFO,G_CREATER,C_ID,FAC_ID,G_METHOD,G_NTRP,G_END_DT,G_OPEN,G_REMAINING,FAC_NAME,G_ADDRESS,G_RESID,G_JOINER) values (24,'재밌는 경기 희망합니다!!! ',3,'2023-07-31 19:00',10000,'남자 단식 하실 분 ~ 모집합니다 ㅎㅎ','creater',' 6번',null,'남자단식',3,'2023-07-31 21:00','Y',3,'목동테니스장','서울 양천구 안양천로 917',null,null);
Insert into GAME (G_NUM,G_NAME,G_AMOUNT,G_START_DT,G_BILL,G_INFO,G_CREATER,C_ID,FAC_ID,G_METHOD,G_NTRP,G_END_DT,G_OPEN,G_REMAINING,FAC_NAME,G_ADDRESS,G_RESID,G_JOINER) values (25,'opticyellow에서 처음 매치 상대 구해봐요ㅎ',2,'2023-08-01 15:00',2000,'개인 음료, 라켓, 신발 지참 바랍니다. 
테린이도 환영합니다. 많은 관심 부탁드려요','creater',' 1번',null,'여자복식',1,'2023-08-01 17:00','Y',2,'청주국제테니스장','충북 청주시 상당구 호미로 242',null,null);
Insert into GAME (G_NUM,G_NAME,G_AMOUNT,G_START_DT,G_BILL,G_INFO,G_CREATER,C_ID,FAC_ID,G_METHOD,G_NTRP,G_END_DT,G_OPEN,G_REMAINING,FAC_NAME,G_ADDRESS,G_RESID,G_JOINER) values (26,'남자 단식 모집합니다!!!',1,'2023-08-01 17:00',10000,'남자 단식 하실분, NTRP 3.0 이상이신 분들만 신청 부탁드립니다. ','creater',' 2번',null,'남자단식',3,'2023-08-01 19:00','Y',1,'백운테니스장','강원특별자치도 원주시 흥업면 북원로 1794',null,null);
Insert into GAME (G_NUM,G_NAME,G_AMOUNT,G_START_DT,G_BILL,G_INFO,G_CREATER,C_ID,FAC_ID,G_METHOD,G_NTRP,G_END_DT,G_OPEN,G_REMAINING,FAC_NAME,G_ADDRESS,G_RESID,G_JOINER) values (64,'[인천 연수구] 새아침공원테니스장 모집',3,'2023-07-27 16:00',15000,'테린이 테니스 게임해요! 공은 제가 들고 가겠습니다!','tester2',' 3',null,'혼합복식',1,'2023-07-27 18:00','Y',3,'새아침공원테니스장','인천 연수구 신송로118번길 35',null,null);
Insert into GAME (G_NUM,G_NAME,G_AMOUNT,G_START_DT,G_BILL,G_INFO,G_CREATER,C_ID,FAC_ID,G_METHOD,G_NTRP,G_END_DT,G_OPEN,G_REMAINING,FAC_NAME,G_ADDRESS,G_RESID,G_JOINER) values (68,'경기 평택에서 치실분~!!',1,'2023-07-27 19:00',5000,'여자 단식 치실 테린이 모집합니다!','minseo',' 3번',null,'여자단식',1,'2023-07-27 21:00','Y',1,'이충레포츠공원 테니스장','경기 평택시 장안웃길 149',null,null);

REM INSERTING into GAME_JOIN
SET DEFINE OFF;
Insert into GAME_JOIN (G_RESID,G_JOINER,G_NUM) values (1,'tester2',3);
Insert into GAME_JOIN (G_RESID,G_JOINER,G_NUM) values (4,'tester1',1);
Insert into GAME_JOIN (G_RESID,G_JOINER,G_NUM) values (21,'admin',10);
Insert into GAME_JOIN (G_RESID,G_JOINER,G_NUM) values (62,'tester7',61);
Insert into GAME_JOIN (G_RESID,G_JOINER,G_NUM) values (5,'glasses',11);
Insert into GAME_JOIN (G_RESID,G_JOINER,G_NUM) values (2,'admin',5);
Insert into GAME_JOIN (G_RESID,G_JOINER,G_NUM) values (3,'creater',4);
Insert into GAME_JOIN (G_RESID,G_JOINER,G_NUM) values (22,'asdinosaur',4);
Insert into GAME_JOIN (G_RESID,G_JOINER,G_NUM) values (23,'test123',3);
Insert into GAME_JOIN (G_RESID,G_JOINER,G_NUM) values (24,'test1',27);
Insert into GAME_JOIN (G_RESID,G_JOINER,G_NUM) values (41,'creater',15);
Insert into GAME_JOIN (G_RESID,G_JOINER,G_NUM) values (61,'tester5',41);

REM INSERTING into NOTICE
SET DEFINE OFF;
Insert into NOTICE (N_NUM,N_CATEGORY,N_TITLE,N_CONTENT,N_WRITER,N_DATE,N_VCOUNT) values (1,null,'OPTIC YELLOW 사이트 이용 규칙','<p>안녕하세요 OPTIC YELLOW 관리자입니다.</p><p>사이트 이용 규칙을 정독하고, 꼭 준수해주세요.</p><p><br></p><p>Blah ~ Blah~ Blah~&nbsp;<span style="background-color: rgba(var(--bs-white-rgb),var(--bs-bg-opacity)); font-size: var(--bs-body-font-size); font-weight: var(--bs-body-font-weight); text-align: var(--bs-body-text-align);">Blah ~ Blah~ Blah~&nbsp;</span><span style="background-color: rgba(var(--bs-white-rgb),var(--bs-bg-opacity)); font-size: var(--bs-body-font-size); font-weight: var(--bs-body-font-weight); text-align: var(--bs-body-text-align);">Blah ~ Blah~ Blah~</span></p><p>Blah ~ Blah~ Blah~&nbsp;<span style="background-color: rgba(var(--bs-white-rgb),var(--bs-bg-opacity)); font-size: var(--bs-body-font-size); font-weight: var(--bs-body-font-weight); text-align: var(--bs-body-text-align);">Blah ~ Blah~</span></p><p>Blah ~ Blah~ Blah~&nbsp;<span style="background-color: rgba(var(--bs-white-rgb),var(--bs-bg-opacity)); font-size: var(--bs-body-font-size); font-weight: var(--bs-body-font-weight); text-align: var(--bs-body-text-align);">Blah ~ Blah~ Blah~&nbsp;</span><span style="background-color: rgba(var(--bs-white-rgb),var(--bs-bg-opacity)); font-size: var(--bs-body-font-size); font-weight: var(--bs-body-font-weight); text-align: var(--bs-body-text-align);">Blah ~</span></p><p>Blah ~ Blah~ Blah~&nbsp;<span style="background-color: rgba(var(--bs-white-rgb),var(--bs-bg-opacity)); font-size: var(--bs-body-font-size); font-weight: var(--bs-body-font-weight); text-align: var(--bs-body-text-align);">Blah ~&nbsp;</span></p><p>Blah ~ Blah~ Blah~&nbsp;<span style="background-color: rgba(var(--bs-white-rgb),var(--bs-bg-opacity)); font-size: var(--bs-body-font-size); font-weight: var(--bs-body-font-weight); text-align: var(--bs-body-text-align);">Blah ~ Blah~ Blah~&nbsp;</span><span style="background-color: rgba(var(--bs-white-rgb),var(--bs-bg-opacity)); font-size: var(--bs-body-font-size); font-weight: var(--bs-body-font-weight); text-align: var(--bs-body-text-align);">Blah ~ Blah~&nbsp;</span></p><p>Blah ~ Blah~ Blah~&nbsp;<span style="background-color: rgba(var(--bs-white-rgb),var(--bs-bg-opacity)); font-size: var(--bs-body-font-size); font-weight: var(--bs-body-font-weight); text-align: var(--bs-body-text-align);">Blah ~ Blah~ Blah~&nbsp;</span><span style="background-color: rgba(var(--bs-white-rgb),var(--bs-bg-opacity)); font-size: var(--bs-body-font-size); font-weight: var(--bs-body-font-weight); text-align: var(--bs-body-text-align);">Blah ~ Blah~ Blah~</span></p>','admin',to_date('23/07/21','RR/MM/DD'),'5');
Insert into NOTICE (N_NUM,N_CATEGORY,N_TITLE,N_CONTENT,N_WRITER,N_DATE,N_VCOUNT) values (3,null,'용품경매 시 주의사항','<p>판매물품 비양심 등록 안돼요 !</p><p style="color: rgb(33, 37, 41); font-family: system-ui, -apple-system, &quot;Segoe UI&quot;, Roboto, &quot;Helvetica Neue&quot;, &quot;Noto Sans&quot;, &quot;Liberation Sans&quot;, Arial, sans-serif, &quot;Apple Color Emoji&quot;, &quot;Segoe UI Emoji&quot;, &quot;Segoe UI Symbol&quot;, &quot;Noto Color Emoji&quot;;">Blah ~ Blah~ Blah~&nbsp;<span style="background-color: rgba(var(--bs-white-rgb),var(--bs-bg-opacity)); font-size: var(--bs-body-font-size); font-weight: var(--bs-body-font-weight); text-align: var(--bs-body-text-align);">Blah ~ Blah~ Blah~&nbsp;</span><span style="background-color: rgba(var(--bs-white-rgb),var(--bs-bg-opacity)); font-size: var(--bs-body-font-size); font-weight: var(--bs-body-font-weight); text-align: var(--bs-body-text-align);">Blah ~ Blah~ Blah~</span></p><p style="color: rgb(33, 37, 41); font-family: system-ui, -apple-system, &quot;Segoe UI&quot;, Roboto, &quot;Helvetica Neue&quot;, &quot;Noto Sans&quot;, &quot;Liberation Sans&quot;, Arial, sans-serif, &quot;Apple Color Emoji&quot;, &quot;Segoe UI Emoji&quot;, &quot;Segoe UI Symbol&quot;, &quot;Noto Color Emoji&quot;;">Blah ~ Blah~ Blah~&nbsp;<span style="background-color: rgba(var(--bs-white-rgb),var(--bs-bg-opacity)); font-size: var(--bs-body-font-size); font-weight: var(--bs-body-font-weight); text-align: var(--bs-body-text-align);">Blah ~ Blah~</span></p><p style="color: rgb(33, 37, 41); font-family: system-ui, -apple-system, &quot;Segoe UI&quot;, Roboto, &quot;Helvetica Neue&quot;, &quot;Noto Sans&quot;, &quot;Liberation Sans&quot;, Arial, sans-serif, &quot;Apple Color Emoji&quot;, &quot;Segoe UI Emoji&quot;, &quot;Segoe UI Symbol&quot;, &quot;Noto Color Emoji&quot;;">Blah ~ Blah~ Blah~&nbsp;<span style="background-color: rgba(var(--bs-white-rgb),var(--bs-bg-opacity)); font-size: var(--bs-body-font-size); font-weight: var(--bs-body-font-weight); text-align: var(--bs-body-text-align);">Blah ~ Blah~ Blah~&nbsp;</span><span style="background-color: rgba(var(--bs-white-rgb),var(--bs-bg-opacity)); font-size: var(--bs-body-font-size); font-weight: var(--bs-body-font-weight); text-align: var(--bs-body-text-align);">Blah ~</span></p><p style="color: rgb(33, 37, 41); font-family: system-ui, -apple-system, &quot;Segoe UI&quot;, Roboto, &quot;Helvetica Neue&quot;, &quot;Noto Sans&quot;, &quot;Liberation Sans&quot;, Arial, sans-serif, &quot;Apple Color Emoji&quot;, &quot;Segoe UI Emoji&quot;, &quot;Segoe UI Symbol&quot;, &quot;Noto Color Emoji&quot;;">Blah ~ Blah~ Blah~&nbsp;<span style="background-color: rgba(var(--bs-white-rgb),var(--bs-bg-opacity)); font-size: var(--bs-body-font-size); font-weight: var(--bs-body-font-weight); text-align: var(--bs-body-text-align);">Blah ~&nbsp;</span></p><p style="color: rgb(33, 37, 41); font-family: system-ui, -apple-system, &quot;Segoe UI&quot;, Roboto, &quot;Helvetica Neue&quot;, &quot;Noto Sans&quot;, &quot;Liberation Sans&quot;, Arial, sans-serif, &quot;Apple Color Emoji&quot;, &quot;Segoe UI Emoji&quot;, &quot;Segoe UI Symbol&quot;, &quot;Noto Color Emoji&quot;;">Blah ~ Blah~ Blah~&nbsp;<span style="background-color: rgba(var(--bs-white-rgb),var(--bs-bg-opacity)); font-size: var(--bs-body-font-size); font-weight: var(--bs-body-font-weight); text-align: var(--bs-body-text-align);">Blah ~ Blah~ Blah~&nbsp;</span><span style="background-color: rgba(var(--bs-white-rgb),var(--bs-bg-opacity)); font-size: var(--bs-body-font-size); font-weight: var(--bs-body-font-weight); text-align: var(--bs-body-text-align);">Blah ~</span></p>','admin',to_date('23/07/21','RR/MM/DD'),'4');
Insert into NOTICE (N_NUM,N_CATEGORY,N_TITLE,N_CONTENT,N_WRITER,N_DATE,N_VCOUNT) values (4,null,'테니스 매치 예약 시 주의사항','<p>Blah~ Blah~ Blah~<span style="background-color: rgba(var(--bs-white-rgb),var(--bs-bg-opacity)); font-size: var(--bs-body-font-size); font-weight: var(--bs-body-font-weight); text-align: var(--bs-body-text-align);">Blah~ Blah~ Blah~</span></p><p>Blah~ Blah~ Blah~Blah~ Blah~ Blah~</p><p>Blah~ Blah~ Blah~Blah~ Blah~ Blah~Blah~ Blah~ Blah~</p><p>Blah~ Blah~ Blah~Blah~ Blah~ Blah~</p><p>Blah~ Blah~ Blah~Blah~ Blah~ Blah~</p><p>Blah~ Blah~ Blah~<span style="background-color: rgba(var(--bs-white-rgb),var(--bs-bg-opacity)); font-size: var(--bs-body-font-size); font-weight: var(--bs-body-font-weight); text-align: var(--bs-body-text-align);"><br></span><br></p>','admin',to_date('23/07/21','RR/MM/DD'),'0');
Insert into NOTICE (N_NUM,N_CATEGORY,N_TITLE,N_CONTENT,N_WRITER,N_DATE,N_VCOUNT) values (2,null,'테니스장 코트 예약 시 공지사항','<p>원활한 코트 예약을 위해 부정 선점을 금지합니다.</p><p>Blah ~ Blah~ Blah~&nbsp;<span style="background-color: rgba(var(--bs-white-rgb),var(--bs-bg-opacity)); font-size: var(--bs-body-font-size); font-weight: var(--bs-body-font-weight); text-align: var(--bs-body-text-align);">Blah ~ Blah~ Blah~&nbsp;</span><span style="background-color: rgba(var(--bs-white-rgb),var(--bs-bg-opacity)); font-size: var(--bs-body-font-size); font-weight: var(--bs-body-font-weight); text-align: var(--bs-body-text-align);">Blah ~ Blah~ Blah~</span></p><p>Blah ~ Blah~ Blah~&nbsp;<span style="background-color: rgba(var(--bs-white-rgb),var(--bs-bg-opacity)); font-size: var(--bs-body-font-size); font-weight: var(--bs-body-font-weight); text-align: var(--bs-body-text-align);">Blah ~ Blah~ Blah~&nbsp;</span><span style="background-color: rgba(var(--bs-white-rgb),var(--bs-bg-opacity)); font-size: var(--bs-body-font-size); font-weight: var(--bs-body-font-weight); text-align: var(--bs-body-text-align);">Blah ~&nbsp;</span></p><p>Blah ~ Blah~ Blah~&nbsp;<span style="background-color: rgba(var(--bs-white-rgb),var(--bs-bg-opacity)); font-size: var(--bs-body-font-size); font-weight: var(--bs-body-font-weight); text-align: var(--bs-body-text-align);">Blah ~ Blah~&nbsp;</span></p><p>Blah ~ Blah~ Blah~&nbsp;<span style="background-color: rgba(var(--bs-white-rgb),var(--bs-bg-opacity)); font-size: var(--bs-body-font-size); font-weight: var(--bs-body-font-weight); text-align: var(--bs-body-text-align);">Blah ~ Blah~ Blah~&nbsp;</span><span style="background-color: rgba(var(--bs-white-rgb),var(--bs-bg-opacity)); font-size: var(--bs-body-font-size); font-weight: var(--bs-body-font-weight); text-align: var(--bs-body-text-align);">Blah ~&nbsp;</span></p><p>Blah ~ Blah~ Blah~&nbsp;<span style="background-color: rgba(var(--bs-white-rgb),var(--bs-bg-opacity)); font-size: var(--bs-body-font-size); font-weight: var(--bs-body-font-weight); text-align: var(--bs-body-text-align);">Blah ~ Blah~ Blah~&nbsp;</span><span style="background-color: rgba(var(--bs-white-rgb),var(--bs-bg-opacity)); font-size: var(--bs-body-font-size); font-weight: var(--bs-body-font-weight); text-align: var(--bs-body-text-align);">Blah ~ Blah~ Blah~</span></p><p>Blah ~ Blah~ Blah~&nbsp;<span style="background-color: rgba(var(--bs-white-rgb),var(--bs-bg-opacity)); font-size: var(--bs-body-font-size); font-weight: var(--bs-body-font-weight); text-align: var(--bs-body-text-align);">Blah ~ Blah~ Blah~&nbsp;</span><span style="background-color: rgba(var(--bs-white-rgb),var(--bs-bg-opacity)); font-size: var(--bs-body-font-size); font-weight: var(--bs-body-font-weight); text-align: var(--bs-body-text-align);">Blah ~ Blah~</span></p><p><span style="background-color: rgba(var(--bs-white-rgb),var(--bs-bg-opacity)); font-size: var(--bs-body-font-size); font-weight: var(--bs-body-font-weight); text-align: var(--bs-body-text-align);"><br></span></p>','admin',to_date('23/07/21','RR/MM/DD'),'0');
Insert into NOTICE (N_NUM,N_CATEGORY,N_TITLE,N_CONTENT,N_WRITER,N_DATE,N_VCOUNT) values (6,null,'명절 고객센터 휴무 공지','<p>Blah~ Blah~ Blah~<span style="background-color: rgba(var(--bs-white-rgb),var(--bs-bg-opacity)); font-size: var(--bs-body-font-size); font-weight: var(--bs-body-font-weight); text-align: var(--bs-body-text-align);">Blah~ Blah~ Blah~</span><span style="background-color: rgba(var(--bs-white-rgb),var(--bs-bg-opacity)); font-size: var(--bs-body-font-size); font-weight: var(--bs-body-font-weight); text-align: var(--bs-body-text-align);">Blah~ Blah~ Blah~</span></p><p>Blah~ Blah~ Blah~Blah~ Blah~ Blah~Blah~ Blah~ Blah~</p><p>Blah~ Blah~ Blah~Blah~ Blah~ Blah~</p><p>Blah~ Blah~ Blah~Blah~ Blah~ Blah~</p><p>Blah~ Blah~ Blah~<span style="background-color: rgba(var(--bs-white-rgb),var(--bs-bg-opacity)); font-size: var(--bs-body-font-size); font-weight: var(--bs-body-font-weight); text-align: var(--bs-body-text-align);"><br></span><br></p>','admin',to_date('23/07/21','RR/MM/DD'),'0');

REM INSERTING into QNA
SET DEFINE OFF;
Insert into QNA (Q_NUM,Q_WRITER,Q_DATE,Q_CONTENT,Q_TITLE) values (1,'joon1',to_date('23/07/21','RR/MM/DD'),'<p>테니스를 너무 못해서 고민입니다 ..</p>','테니스 고민..');
Insert into QNA (Q_NUM,Q_WRITER,Q_DATE,Q_CONTENT,Q_TITLE) values (2,'joon1',to_date('23/07/21','RR/MM/DD'),'<p>어떻게 해야 실력이 빨리 늘까요?</p>','테니스 고민');
Insert into QNA (Q_NUM,Q_WRITER,Q_DATE,Q_CONTENT,Q_TITLE) values (21,'admin',to_date('23/07/22','RR/MM/DD'),'<p>123</p>','123');

REM INSERTING into QNA_ANSWER
SET DEFINE OFF;
Insert into QNA_ANSWER (QA_NUM,Q_NUM,QA_WRITER,QA_CONTENT,QA_DATE) values (1,1,'admin','꾸준한 연습만이 최고의 해결방법 입니다 !',to_date('23/07/21','RR/MM/DD'));
Insert into QNA_ANSWER (QA_NUM,Q_NUM,QA_WRITER,QA_CONTENT,QA_DATE) values (2,2,'admin','시간이 약입니다..
꾸준한 연습만이 최고의 해결방법 입니다 !',to_date('23/07/21','RR/MM/DD'));
Insert into QNA_ANSWER (QA_NUM,Q_NUM,QA_WRITER,QA_CONTENT,QA_DATE) values (21,21,'admin','안녕하세요 ',to_date('23/07/22','RR/MM/DD'));

REM INSERTING into ALL_COMMUNITY
SET DEFINE OFF;
Insert into ALL_COMMUNITY (COMM_NUM,COMM_ID,COMM_TITLE,COMM_CONTENT,COMM_DATE,COMM_VCOUNT,COMM_CMT,COMM_LIKES) values (1,'admin','안녕하세요 1빠입니다 껄껄','<p>자유롭게 작성해보겠습니다 !</p>',to_date('23/07/21','RR/MM/DD'),5,0,0);
Insert into ALL_COMMUNITY (COMM_NUM,COMM_ID,COMM_TITLE,COMM_CONTENT,COMM_DATE,COMM_VCOUNT,COMM_CMT,COMM_LIKES) values (4,'tester1','테니스 재밌는 영상 공유해요!','<p><iframe frameborder="0" src="//www.youtube.com/embed/e-d9N3ec9-E" width="640" height="360" class="note-video-clip"></iframe></p><p>출처 :&nbsp; 유튜브</p>',to_date('23/07/21','RR/MM/DD'),12,3,2);
Insert into ALL_COMMUNITY (COMM_NUM,COMM_ID,COMM_TITLE,COMM_CONTENT,COMM_DATE,COMM_VCOUNT,COMM_CMT,COMM_LIKES) values (43,'terrin2','가입인사) 안녕하세요, 테린이입니다.','<p style="text-align: center; ">안녕하세요 테니스 경력 1일 차 테린이 가입인사 올립니다..</p><p style="text-align: center; ">잘 부탁드려요 !! ㅎㅎ</p>',to_date('23/07/24','RR/MM/DD'),15,3,4);
Insert into ALL_COMMUNITY (COMM_NUM,COMM_ID,COMM_TITLE,COMM_CONTENT,COMM_DATE,COMM_VCOUNT,COMM_CMT,COMM_LIKES) values (44,'spring','포핸드 꿀팁 영상 공유!','<p style="text-align: center; "><br></p><p style="text-align: center; "><iframe frameborder="0" src="//www.youtube.com/embed/d2nFi6Q_c_Q" width="640" height="360" class="note-video-clip" style="background-color: rgba(var(--bs-white-rgb),var(--bs-bg-opacity)); font-size: var(--bs-body-font-size); font-weight: var(--bs-body-font-weight);"></iframe></p><p style="text-align: center; "><br></p><p style="text-align: center; ">대박 꿀팁 공유합니다 ㅋㅋㅋ</p><p style="text-align: center; ">추천 꾹 부탁해유 ~~</p><p style="text-align: center; "><br></p>',to_date('23/07/24','RR/MM/DD'),9,1,3);
Insert into ALL_COMMUNITY (COMM_NUM,COMM_ID,COMM_TITLE,COMM_CONTENT,COMM_DATE,COMM_VCOUNT,COMM_CMT,COMM_LIKES) values (6,'glasses','알카라스 우승 영상!!! ','<p><iframe frameborder="0" src="//www.youtube.com/embed/dvBr9Wr8BCY" width="640" height="360" class="note-video-clip"></iframe><br></p><p><br></p><p>알카라스가 조코비치 잡고 메이저대회 첫 우승 한 경기 다들 보셨나요?&nbsp;</p><p>새벽 3시까지 너무 명경기여서 잠 못 자고 보았습니다..<br>하이라이트 공유합니다 ㅎ</p>',to_date('23/07/21','RR/MM/DD'),6,0,0);
Insert into ALL_COMMUNITY (COMM_NUM,COMM_ID,COMM_TITLE,COMM_CONTENT,COMM_DATE,COMM_VCOUNT,COMM_CMT,COMM_LIKES) values (25,'test123','23일 테니스 매치 신청해주세요 ~','<p style="text-align: center; ">고고 ~</p>',to_date('23/07/22','RR/MM/DD'),18,1,0);
Insert into ALL_COMMUNITY (COMM_NUM,COMM_ID,COMM_TITLE,COMM_CONTENT,COMM_DATE,COMM_VCOUNT,COMM_CMT,COMM_LIKES) values (2,'joon1','테니스 꿀팁 영상 공유','<p style="text-align: center; ">여러분 제가 테니스 잘치는 꿀팁을 들고왔습니다!</p><p style="text-align: center; ">보시고 즐테 하세요 !!</p><p style="text-align: center; "><br></p><p style="text-align: center; "><iframe frameborder="0" src="//www.youtube.com/embed/_tRryASeaHw" width="640" height="360" class="note-video-clip"></iframe></p><p style="text-align: center; "><br></p><p style="text-align: center; ">도움이 되셨다면 추천을 부탁드립니다 ~</p><p style="text-align: center; "><br></p><p style="text-align: center; ">출처 유튜브 ㅋㅋ</p>',to_date('23/07/21','RR/MM/DD'),24,2,3);
Insert into ALL_COMMUNITY (COMM_NUM,COMM_ID,COMM_TITLE,COMM_CONTENT,COMM_DATE,COMM_VCOUNT,COMM_CMT,COMM_LIKES) values (3,'admin','서울 용마 혼복하실 분 모집하네요!!','<p style="text-align: center; "><span style="font-size: 24px; font-weight: bolder; background-color: rgba(var(--bs-white-rgb),var(--bs-bg-opacity));"><br></span></p><p style="text-align: center; "><span style="font-size: 24px; font-weight: bolder; background-color: rgba(var(--bs-white-rgb),var(--bs-bg-opacity));">마감되기 전에 빨리 신청 ㄱㄱㄱ!!</span></p><p style="text-align: center; "><span style="font-size: 24px; font-weight: bolder; background-color: rgba(var(--bs-white-rgb),var(--bs-bg-opacity));"><br></span><span>﻿</span><img src="resources/uploadimg/image.png" style="width: 894px;"></p>',to_date('23/07/21','RR/MM/DD'),8,1,2);
Insert into ALL_COMMUNITY (COMM_NUM,COMM_ID,COMM_TITLE,COMM_CONTENT,COMM_DATE,COMM_VCOUNT,COMM_CMT,COMM_LIKES) values (5,'matchmaker','문경 테니스 코트 소개합니다!','<p><img style="width: 50%;" src="resources/uploadimg/KakaoTalk_20230721_165002134.jpg"></p><p>얼마전에 <span style="background-color: rgb(255, 255, 0);">문경</span>에 놀러갔다가 <span style="background-color: rgb(255, 255, 0);">멋진 코트</span>를 발견해서 공유하려고 합니다.&nbsp;<br>너무 예쁜 코트네요.<br>코트도 5면 이상이더라구여, 문경에 놀러가실분 있으시면 운동도 하면 좋을 것 같습니다. ㅎ</p>',to_date('23/07/21','RR/MM/DD'),13,1,1);
Insert into ALL_COMMUNITY (COMM_NUM,COMM_ID,COMM_TITLE,COMM_CONTENT,COMM_DATE,COMM_VCOUNT,COMM_CMT,COMM_LIKES) values (24,'creater','테니스 쳐야하는데, 날씨가 너무 덥네요 ㅜㅜ','<p><a href="https://news.kbs.co.kr/news/view.do?ncd=7728495" target="_blank">https://news.kbs.co.kr/news/view.do?ncd=7728495</a><br><a href="https://news.kbs.co.kr/news/view.do?ncd=7728495" target="_blank"></a><br>관측 이래 최강 무더위네요 ㅜㅜ<br><br></p>',to_date('23/07/22','RR/MM/DD'),9,0,2);
Insert into ALL_COMMUNITY (COMM_NUM,COMM_ID,COMM_TITLE,COMM_CONTENT,COMM_DATE,COMM_VCOUNT,COMM_CMT,COMM_LIKES) values (42,'tester6','연천군 매치 신청 얼른 부탁드립니다 !!','<p style="text-align: center; "><a href="http://101.79.10.1:8080/opticyellow/g_selectOne.do?g_num=61" target="_blank">http://101.79.10.1:8080/opticyellow/g_selectOne.do?g_num=61</a><a href="http://101.79.10.1:8080/opticyellow/g_selectOne.do?g_num=61" target="_blank"></a></p><p style="text-align: center; "><br></p><p><div style="text-align: center;"><span style="background-color: rgba(var(--bs-white-rgb),var(--bs-bg-opacity)); font-size: var(--bs-body-font-size); font-weight: var(--bs-body-font-weight); text-align: var(--bs-body-text-align);">여기 링크로 얼른 신청해주세요 !</span></div><div style="text-align: center;"><br></div></p>',to_date('23/07/24','RR/MM/DD'),4,0,0);

REM INSERTING into AUCTION_LIST
SET DEFINE OFF;
Insert into AUCTION_LIST (P_NUM,GRANTED_B,BID_TIME,PRICE,BUYER,B_NUM) values (5,null,to_timestamp('23/07/21 07:59:03.000000000','RR/MM/DD HH24:MI:SSXFF'),25000,'jaehunl0504','4');
Insert into AUCTION_LIST (P_NUM,GRANTED_B,BID_TIME,PRICE,BUYER,B_NUM) values (6,null,to_timestamp('23/07/21 08:54:50.000000000','RR/MM/DD HH24:MI:SSXFF'),15000,'davidleejh2','6');
Insert into AUCTION_LIST (P_NUM,GRANTED_B,BID_TIME,PRICE,BUYER,B_NUM) values (49,null,to_timestamp('23/07/24 15:31:34.236059000','RR/MM/DD HH24:MI:SSXFF'),32000,'spring','46');
Insert into AUCTION_LIST (P_NUM,GRANTED_B,BID_TIME,PRICE,BUYER,B_NUM) values (6,null,to_timestamp('23/07/21 08:54:50.000000000','RR/MM/DD HH24:MI:SSXFF'),15000,'jaehunl0504','5');
Insert into AUCTION_LIST (P_NUM,GRANTED_B,BID_TIME,PRICE,BUYER,B_NUM) values (43,null,to_timestamp('23/07/24 15:09:24.386289000','RR/MM/DD HH24:MI:SSXFF'),90000,'terrin2','43');
Insert into AUCTION_LIST (P_NUM,GRANTED_B,BID_TIME,PRICE,BUYER,B_NUM) values (45,null,to_timestamp('23/07/24 15:09:49.926243000','RR/MM/DD HH24:MI:SSXFF'),36000,'terrin2','44');
Insert into AUCTION_LIST (P_NUM,GRANTED_B,BID_TIME,PRICE,BUYER,B_NUM) values (44,null,to_timestamp('23/07/24 15:10:04.614194000','RR/MM/DD HH24:MI:SSXFF'),16000,'terrin2','45');
Insert into AUCTION_LIST (P_NUM,GRANTED_B,BID_TIME,PRICE,BUYER,B_NUM) values (47,null,to_timestamp('23/07/24 15:31:55.397274000','RR/MM/DD HH24:MI:SSXFF'),33000,'spring','47');
Insert into AUCTION_LIST (P_NUM,GRANTED_B,BID_TIME,PRICE,BUYER,B_NUM) values (46,null,to_timestamp('23/07/24 15:32:06.458411000','RR/MM/DD HH24:MI:SSXFF'),90000,'spring','48');
Insert into AUCTION_LIST (P_NUM,GRANTED_B,BID_TIME,PRICE,BUYER,B_NUM) values (48,null,to_timestamp('23/07/24 15:32:26.565822000','RR/MM/DD HH24:MI:SSXFF'),140000,'spring','49');
Insert into AUCTION_LIST (P_NUM,GRANTED_B,BID_TIME,PRICE,BUYER,B_NUM) values (46,null,to_timestamp('23/07/24 15:33:53.511897000','RR/MM/DD HH24:MI:SSXFF'),95000,'hyolim','50');
Insert into AUCTION_LIST (P_NUM,GRANTED_B,BID_TIME,PRICE,BUYER,B_NUM) values (91,null,to_timestamp('23/07/24 16:38:53.185754000','RR/MM/DD HH24:MI:SSXFF'),50000,'jaehun','62');
Insert into AUCTION_LIST (P_NUM,GRANTED_B,BID_TIME,PRICE,BUYER,B_NUM) values (2,null,to_timestamp('23/07/21 07:46:31.000000000','RR/MM/DD HH24:MI:SSXFF'),40000,'joon1','1');
Insert into AUCTION_LIST (P_NUM,GRANTED_B,BID_TIME,PRICE,BUYER,B_NUM) values (1,null,to_timestamp('23/07/21 07:46:54.000000000','RR/MM/DD HH24:MI:SSXFF'),11000,'joon1','2');
Insert into AUCTION_LIST (P_NUM,GRANTED_B,BID_TIME,PRICE,BUYER,B_NUM) values (2,null,to_timestamp('23/07/21 07:57:37.000000000','RR/MM/DD HH24:MI:SSXFF'),42000,'admin','3');
Insert into AUCTION_LIST (P_NUM,GRANTED_B,BID_TIME,PRICE,BUYER,B_NUM) values (41,null,to_timestamp('23/07/24 13:40:32.357736000','RR/MM/DD HH24:MI:SSXFF'),25000,'tester5','41');
Insert into AUCTION_LIST (P_NUM,GRANTED_B,BID_TIME,PRICE,BUYER,B_NUM) values (42,null,to_timestamp('23/07/24 14:27:40.277238000','RR/MM/DD HH24:MI:SSXFF'),23000,'tester7','42');

REM INSERTING into COURT
SET DEFINE OFF;
Insert into COURT (COURT_ID,FAC_ID,COURT_NAME) values ('fac_id2_court_1','fac_id2','만석공원테니스장 코트 1');
Insert into COURT (COURT_ID,FAC_ID,COURT_NAME) values ('fac_id2_court_2','fac_id2','만석공원테니스장 코트 2');
Insert into COURT (COURT_ID,FAC_ID,COURT_NAME) values ('fac_id2_court_3','fac_id2','만석공원테니스장 코트 3');
Insert into COURT (COURT_ID,FAC_ID,COURT_NAME) values ('fac_id2_court_4','fac_id2','만석공원테니스장 코트 4');
Insert into COURT (COURT_ID,FAC_ID,COURT_NAME) values ('fac_id2_court_5','fac_id2','만석공원테니스장 코트 5');
Insert into COURT (COURT_ID,FAC_ID,COURT_NAME) values ('fac_id2_court_6','fac_id2','만석공원테니스장 코트 6');
Insert into COURT (COURT_ID,FAC_ID,COURT_NAME) values ('fac_id2_court_7','fac_id2','만석공원테니스장 코트 7');
Insert into COURT (COURT_ID,FAC_ID,COURT_NAME) values ('fac_id2_court_8','fac_id2','만석공원테니스장 코트 8');
Insert into COURT (COURT_ID,FAC_ID,COURT_NAME) values ('fac_id2_court_9','fac_id2','만석공원테니스장 코트 9');
Insert into COURT (COURT_ID,FAC_ID,COURT_NAME) values ('fac_id2_court_10','fac_id2','만석공원테니스장 코트 10');
Insert into COURT (COURT_ID,FAC_ID,COURT_NAME) values ('fac_id3_court_2','fac_id3','광명시립테니스장 코트 2');
Insert into COURT (COURT_ID,FAC_ID,COURT_NAME) values ('fac_id3_court_3','fac_id3','광명시립테니스장 코트 3');
Insert into COURT (COURT_ID,FAC_ID,COURT_NAME) values ('fac_id3_court_4','fac_id3','광명시립테니스장 코트 4');
Insert into COURT (COURT_ID,FAC_ID,COURT_NAME) values ('fac_id3_court_5','fac_id3','광명시립테니스장 코트 5');
Insert into COURT (COURT_ID,FAC_ID,COURT_NAME) values ('fac_id3_court_6','fac_id3','광명시립테니스장 코트 6');
Insert into COURT (COURT_ID,FAC_ID,COURT_NAME) values ('fac_id3_court_7','fac_id3','광명시립테니스장 코트 7');
Insert into COURT (COURT_ID,FAC_ID,COURT_NAME) values ('fac_id3_court_8','fac_id3','광명시립테니스장 코트 8');
Insert into COURT (COURT_ID,FAC_ID,COURT_NAME) values ('fac_id3_court_9','fac_id3','광명시립테니스장 코트 9');
Insert into COURT (COURT_ID,FAC_ID,COURT_NAME) values ('fac_id3_court_10','fac_id3','광명시립테니스장 코트 10');
Insert into COURT (COURT_ID,FAC_ID,COURT_NAME) values ('fac_id3_court_11','fac_id3','광명시립테니스장 코트 11');
Insert into COURT (COURT_ID,FAC_ID,COURT_NAME) values ('fac_id3_court_12','fac_id3','광명시립테니스장 코트 12');
Insert into COURT (COURT_ID,FAC_ID,COURT_NAME) values ('fac_id3_court_13','fac_id3','광명시립테니스장 코트 13');
Insert into COURT (COURT_ID,FAC_ID,COURT_NAME) values ('fac_id4_court_1','fac_id4','부천종합운동장테니스장 코트 1');
Insert into COURT (COURT_ID,FAC_ID,COURT_NAME) values ('fac_id4_court_2','fac_id4','부천종합운동장테니스장 코트 2');
Insert into COURT (COURT_ID,FAC_ID,COURT_NAME) values ('fac_id4_court_3','fac_id4','부천종합운동장테니스장 코트 3');
Insert into COURT (COURT_ID,FAC_ID,COURT_NAME) values ('fac_id4_court_4','fac_id4','부천종합운동장테니스장 코트 4');
Insert into COURT (COURT_ID,FAC_ID,COURT_NAME) values ('fac_id4_court_5','fac_id4','부천종합운동장테니스장 코트 5');
Insert into COURT (COURT_ID,FAC_ID,COURT_NAME) values ('fac_id4_court_6','fac_id4','부천종합운동장테니스장 코트 6');
Insert into COURT (COURT_ID,FAC_ID,COURT_NAME) values ('fac_id4_court_7','fac_id4','부천종합운동장테니스장 코트 7');
Insert into COURT (COURT_ID,FAC_ID,COURT_NAME) values ('fac_id4_court_8','fac_id4','부천종합운동장테니스장 코트 8');
Insert into COURT (COURT_ID,FAC_ID,COURT_NAME) values ('fac_id4_court_9','fac_id4','부천종합운동장테니스장 코트 9');
Insert into COURT (COURT_ID,FAC_ID,COURT_NAME) values ('fac_id4_court_10','fac_id4','부천종합운동장테니스장 코트 10');
Insert into COURT (COURT_ID,FAC_ID,COURT_NAME) values ('fac_id2_court_11','fac_id2','만석공원테니스장 코트 11');
Insert into COURT (COURT_ID,FAC_ID,COURT_NAME) values ('fac_id2_court_12','fac_id2','만석공원테니스장 코트 12');
Insert into COURT (COURT_ID,FAC_ID,COURT_NAME) values ('fac_id2_court_13','fac_id2','만석공원테니스장 코트 13');
Insert into COURT (COURT_ID,FAC_ID,COURT_NAME) values ('fac_id2_court_14','fac_id2','만석공원테니스장 코트 14');
Insert into COURT (COURT_ID,FAC_ID,COURT_NAME) values ('fac_id3_court_1','fac_id3','광명시립테니스장 코트 1');
Insert into COURT (COURT_ID,FAC_ID,COURT_NAME) values ('fac_id4_court_11','fac_id4','부천종합운동장테니스장 코트 11');
Insert into COURT (COURT_ID,FAC_ID,COURT_NAME) values ('fac_id4_court_12','fac_id4','부천종합운동장테니스장 코트 12');
Insert into COURT (COURT_ID,FAC_ID,COURT_NAME) values ('fac_id4_court_13','fac_id4','부천종합운동장테니스장 코트 13');
Insert into COURT (COURT_ID,FAC_ID,COURT_NAME) values ('fac_id5_court_1','fac_id5','성사시립테니스장 코트 1');
Insert into COURT (COURT_ID,FAC_ID,COURT_NAME) values ('fac_id5_court_2','fac_id5','성사시립테니스장 코트 2');
Insert into COURT (COURT_ID,FAC_ID,COURT_NAME) values ('fac_id5_court_3','fac_id5','성사시립테니스장 코트 3');
Insert into COURT (COURT_ID,FAC_ID,COURT_NAME) values ('fac_id5_court_4','fac_id5','성사시립테니스장 코트 4');
Insert into COURT (COURT_ID,FAC_ID,COURT_NAME) values ('fac_id5_court_5','fac_id5','성사시립테니스장 코트 5');
Insert into COURT (COURT_ID,FAC_ID,COURT_NAME) values ('fac_id5_court_6','fac_id5','성사시립테니스장 코트 6');
Insert into COURT (COURT_ID,FAC_ID,COURT_NAME) values ('fac_id5_court_7','fac_id5','성사시립테니스장 코트 7');
Insert into COURT (COURT_ID,FAC_ID,COURT_NAME) values ('fac_id5_court_8','fac_id5','성사시립테니스장 코트 8');
Insert into COURT (COURT_ID,FAC_ID,COURT_NAME) values ('fac_id5_court_9','fac_id5','성사시립테니스장 코트 9');
Insert into COURT (COURT_ID,FAC_ID,COURT_NAME) values ('fac_id5_court_10','fac_id5','성사시립테니스장 코트 10');
Insert into COURT (COURT_ID,FAC_ID,COURT_NAME) values ('fac_id5_court_11','fac_id5','성사시립테니스장 코트 11');
Insert into COURT (COURT_ID,FAC_ID,COURT_NAME) values ('fac_id5_court_12','fac_id5','성사시립테니스장 코트 12');
Insert into COURT (COURT_ID,FAC_ID,COURT_NAME) values ('fac_id7_court_2','fac_id7','연천공설운동장테니스장 코트 2');
Insert into COURT (COURT_ID,FAC_ID,COURT_NAME) values ('fac_id7_court_3','fac_id7','연천공설운동장테니스장 코트 3');
Insert into COURT (COURT_ID,FAC_ID,COURT_NAME) values ('fac_id7_court_4','fac_id7','연천공설운동장테니스장 코트 4');
Insert into COURT (COURT_ID,FAC_ID,COURT_NAME) values ('fac_id7_court_5','fac_id7','연천공설운동장테니스장 코트 5');
Insert into COURT (COURT_ID,FAC_ID,COURT_NAME) values ('fac_id7_court_6','fac_id7','연천공설운동장테니스장 코트 6');
Insert into COURT (COURT_ID,FAC_ID,COURT_NAME) values ('fac_id6_court_1','fac_id6','성남양지테니스장 코트 1');
Insert into COURT (COURT_ID,FAC_ID,COURT_NAME) values ('fac_id6_court_2','fac_id6','성남양지테니스장 코트 2');
Insert into COURT (COURT_ID,FAC_ID,COURT_NAME) values ('fac_id6_court_3','fac_id6','성남양지테니스장 코트 3');
Insert into COURT (COURT_ID,FAC_ID,COURT_NAME) values ('fac_id6_court_4','fac_id6','성남양지테니스장 코트 4');
Insert into COURT (COURT_ID,FAC_ID,COURT_NAME) values ('fac_id6_court_5','fac_id6','성남양지테니스장 코트 5');
Insert into COURT (COURT_ID,FAC_ID,COURT_NAME) values ('fac_id6_court_6','fac_id6','성남양지테니스장 코트 6');
Insert into COURT (COURT_ID,FAC_ID,COURT_NAME) values ('fac_id6_court_7','fac_id6','성남양지테니스장 코트 7');
Insert into COURT (COURT_ID,FAC_ID,COURT_NAME) values ('fac_id6_court_8','fac_id6','성남양지테니스장 코트 8');
Insert into COURT (COURT_ID,FAC_ID,COURT_NAME) values ('fac_id6_court_9','fac_id6','성남양지테니스장 코트 9');
Insert into COURT (COURT_ID,FAC_ID,COURT_NAME) values ('fac_id6_court_10','fac_id6','성남양지테니스장 코트 10');
Insert into COURT (COURT_ID,FAC_ID,COURT_NAME) values ('fac_id6_court_11','fac_id6','성남양지테니스장 코트 11');
Insert into COURT (COURT_ID,FAC_ID,COURT_NAME) values ('fac_id6_court_12','fac_id6','성남양지테니스장 코트 12');
Insert into COURT (COURT_ID,FAC_ID,COURT_NAME) values ('fac_id7_court_1','fac_id7','연천공설운동장테니스장 코트 1');
Insert into COURT (COURT_ID,FAC_ID,COURT_NAME) values ('fac_id7_court_7','fac_id7','연천공설운동장테니스장 코트 7');
Insert into COURT (COURT_ID,FAC_ID,COURT_NAME) values ('fac_id7_court_8','fac_id7','연천공설운동장테니스장 코트 8');
Insert into COURT (COURT_ID,FAC_ID,COURT_NAME) values ('fac_id7_court_9','fac_id7','연천공설운동장테니스장 코트 9');
Insert into COURT (COURT_ID,FAC_ID,COURT_NAME) values ('fac_id7_court_10','fac_id7','연천공설운동장테니스장 코트 10');
Insert into COURT (COURT_ID,FAC_ID,COURT_NAME) values ('fac_id7_court_11','fac_id7','연천공설운동장테니스장 코트 11');
Insert into COURT (COURT_ID,FAC_ID,COURT_NAME) values ('fac_id7_court_12','fac_id7','연천공설운동장테니스장 코트 12');
Insert into COURT (COURT_ID,FAC_ID,COURT_NAME) values ('fac_id28_court_2','fac_id28','상무시민공원 테니스장 코트 2');
Insert into COURT (COURT_ID,FAC_ID,COURT_NAME) values ('fac_id28_court_3','fac_id28','상무시민공원 테니스장 코트 3');
Insert into COURT (COURT_ID,FAC_ID,COURT_NAME) values ('fac_id28_court_4','fac_id28','상무시민공원 테니스장 코트 4');
Insert into COURT (COURT_ID,FAC_ID,COURT_NAME) values ('fac_id28_court_5','fac_id28','상무시민공원 테니스장 코트 5');
Insert into COURT (COURT_ID,FAC_ID,COURT_NAME) values ('fac_id27_court_1','fac_id27','진남체육공원테니스장 코트 1');
Insert into COURT (COURT_ID,FAC_ID,COURT_NAME) values ('fac_id60_court_2','fac_id60','서귀포실내테니스장 코트 2');
Insert into COURT (COURT_ID,FAC_ID,COURT_NAME) values ('fac_id60_court_3','fac_id60','서귀포실내테니스장 코트 3');
Insert into COURT (COURT_ID,FAC_ID,COURT_NAME) values ('fac_id28_court_1','fac_id28','상무시민공원 테니스장 코트 1');
Insert into COURT (COURT_ID,FAC_ID,COURT_NAME) values ('fac_id27_court_2','fac_id27','진남체육공원테니스장 코트 2');
Insert into COURT (COURT_ID,FAC_ID,COURT_NAME) values ('fac_id27_court_3','fac_id27','진남체육공원테니스장 코트 3');
Insert into COURT (COURT_ID,FAC_ID,COURT_NAME) values ('fac_id27_court_4','fac_id27','진남체육공원테니스장 코트 4');
Insert into COURT (COURT_ID,FAC_ID,COURT_NAME) values ('fac_id60_court_1','fac_id60','서귀포실내테니스장 코트 1');
Insert into COURT (COURT_ID,FAC_ID,COURT_NAME) values ('fac_id27_court_5','fac_id27','진남체육공원테니스장 코트 5');
Insert into COURT (COURT_ID,FAC_ID,COURT_NAME) values ('fac_id27_court_6','fac_id27','진남체육공원테니스장 코트 6');
Insert into COURT (COURT_ID,FAC_ID,COURT_NAME) values ('fac_id27_court_7','fac_id27','진남체육공원테니스장 코트 7');
Insert into COURT (COURT_ID,FAC_ID,COURT_NAME) values ('fac_id27_court_8','fac_id27','진남체육공원테니스장 코트 8');
Insert into COURT (COURT_ID,FAC_ID,COURT_NAME) values ('fac_id27_court_9','fac_id27','진남체육공원테니스장 코트 9');
Insert into COURT (COURT_ID,FAC_ID,COURT_NAME) values ('fac_id27_court_10','fac_id27','진남체육공원테니스장 코트 10');
Insert into COURT (COURT_ID,FAC_ID,COURT_NAME) values ('fac_id27_court_11','fac_id27','진남체육공원테니스장 코트 11');
Insert into COURT (COURT_ID,FAC_ID,COURT_NAME) values ('fac_id27_court_12','fac_id27','진남체육공원테니스장 코트 12');
Insert into COURT (COURT_ID,FAC_ID,COURT_NAME) values ('fac_id27_court_13','fac_id27','진남체육공원테니스장 코트 13');
Insert into COURT (COURT_ID,FAC_ID,COURT_NAME) values ('fac_id27_court_14','fac_id27','진남체육공원테니스장 코트 14');
Insert into COURT (COURT_ID,FAC_ID,COURT_NAME) values ('fac_id27_court_15','fac_id27','진남체육공원테니스장 코트 15');
Insert into COURT (COURT_ID,FAC_ID,COURT_NAME) values ('fac_id27_court_16','fac_id27','진남체육공원테니스장 코트 16');
Insert into COURT (COURT_ID,FAC_ID,COURT_NAME) values ('fac_id27_court_17','fac_id27','진남체육공원테니스장 코트 17');
Insert into COURT (COURT_ID,FAC_ID,COURT_NAME) values ('fac_id27_court_18','fac_id27','진남체육공원테니스장 코트 18');
Insert into COURT (COURT_ID,FAC_ID,COURT_NAME) values ('fac_id26_court_1','fac_id26','마동테니스공원 코트 1');
Insert into COURT (COURT_ID,FAC_ID,COURT_NAME) values ('fac_id26_court_2','fac_id26','마동테니스공원 코트 2');
Insert into COURT (COURT_ID,FAC_ID,COURT_NAME) values ('fac_id26_court_3','fac_id26','마동테니스공원 코트 3');
Insert into COURT (COURT_ID,FAC_ID,COURT_NAME) values ('fac_id26_court_4','fac_id26','마동테니스공원 코트 4');
Insert into COURT (COURT_ID,FAC_ID,COURT_NAME) values ('fac_id26_court_5','fac_id26','마동테니스공원 코트 5');
Insert into COURT (COURT_ID,FAC_ID,COURT_NAME) values ('fac_id26_court_6','fac_id26','마동테니스공원 코트 6');
Insert into COURT (COURT_ID,FAC_ID,COURT_NAME) values ('fac_id26_court_7','fac_id26','마동테니스공원 코트 7');
Insert into COURT (COURT_ID,FAC_ID,COURT_NAME) values ('fac_id26_court_8','fac_id26','마동테니스공원 코트 8');
Insert into COURT (COURT_ID,FAC_ID,COURT_NAME) values ('fac_id26_court_9','fac_id26','마동테니스공원 코트 9');
Insert into COURT (COURT_ID,FAC_ID,COURT_NAME) values ('fac_id26_court_10','fac_id26','마동테니스공원 코트 10');
Insert into COURT (COURT_ID,FAC_ID,COURT_NAME) values ('fac_id26_court_11','fac_id26','마동테니스공원 코트 11');
Insert into COURT (COURT_ID,FAC_ID,COURT_NAME) values ('fac_id26_court_12','fac_id26','마동테니스공원 코트 12');
Insert into COURT (COURT_ID,FAC_ID,COURT_NAME) values ('fac_id26_court_13','fac_id26','마동테니스공원 코트 13');
Insert into COURT (COURT_ID,FAC_ID,COURT_NAME) values ('fac_id26_court_14','fac_id26','마동테니스공원 코트 14');
Insert into COURT (COURT_ID,FAC_ID,COURT_NAME) values ('fac_id26_court_15','fac_id26','마동테니스공원 코트 15');
Insert into COURT (COURT_ID,FAC_ID,COURT_NAME) values ('fac_id26_court_16','fac_id26','마동테니스공원 코트 16');
Insert into COURT (COURT_ID,FAC_ID,COURT_NAME) values ('fac_id25_court_1','fac_id25','스포원파크 금정체육공원테니스장 코트 1');
Insert into COURT (COURT_ID,FAC_ID,COURT_NAME) values ('fac_id25_court_2','fac_id25','스포원파크 금정체육공원테니스장 코트 2');
Insert into COURT (COURT_ID,FAC_ID,COURT_NAME) values ('fac_id25_court_3','fac_id25','스포원파크 금정체육공원테니스장 코트 3');
Insert into COURT (COURT_ID,FAC_ID,COURT_NAME) values ('fac_id25_court_4','fac_id25','스포원파크 금정체육공원테니스장 코트 4');
Insert into COURT (COURT_ID,FAC_ID,COURT_NAME) values ('fac_id25_court_5','fac_id25','스포원파크 금정체육공원테니스장 코트 5');
Insert into COURT (COURT_ID,FAC_ID,COURT_NAME) values ('fac_id25_court_6','fac_id25','스포원파크 금정체육공원테니스장 코트 6');
Insert into COURT (COURT_ID,FAC_ID,COURT_NAME) values ('fac_id25_court_7','fac_id25','스포원파크 금정체육공원테니스장 코트 7');
Insert into COURT (COURT_ID,FAC_ID,COURT_NAME) values ('fac_id25_court_8','fac_id25','스포원파크 금정체육공원테니스장 코트 8');
Insert into COURT (COURT_ID,FAC_ID,COURT_NAME) values ('fac_id25_court_9','fac_id25','스포원파크 금정체육공원테니스장 코트 9');
Insert into COURT (COURT_ID,FAC_ID,COURT_NAME) values ('fac_id25_court_10','fac_id25','스포원파크 금정체육공원테니스장 코트 10');
Insert into COURT (COURT_ID,FAC_ID,COURT_NAME) values ('fac_id25_court_11','fac_id25','스포원파크 금정체육공원테니스장 코트 11');
Insert into COURT (COURT_ID,FAC_ID,COURT_NAME) values ('fac_id25_court_12','fac_id25','스포원파크 금정체육공원테니스장 코트 12');
Insert into COURT (COURT_ID,FAC_ID,COURT_NAME) values ('fac_id25_court_13','fac_id25','스포원파크 금정체육공원테니스장 코트 13');
Insert into COURT (COURT_ID,FAC_ID,COURT_NAME) values ('fac_id25_court_14','fac_id25','스포원파크 금정체육공원테니스장 코트 14');
Insert into COURT (COURT_ID,FAC_ID,COURT_NAME) values ('fac_id25_court_15','fac_id25','스포원파크 금정체육공원테니스장 코트 15');
Insert into COURT (COURT_ID,FAC_ID,COURT_NAME) values ('fac_id25_court_16','fac_id25','스포원파크 금정체육공원테니스장 코트 16');
Insert into COURT (COURT_ID,FAC_ID,COURT_NAME) values ('fac_id24_court_1','fac_id24','문수테니스장 코트 1');
Insert into COURT (COURT_ID,FAC_ID,COURT_NAME) values ('fac_id24_court_2','fac_id24','문수테니스장 코트 2');
Insert into COURT (COURT_ID,FAC_ID,COURT_NAME) values ('fac_id24_court_3','fac_id24','문수테니스장 코트 3');
Insert into COURT (COURT_ID,FAC_ID,COURT_NAME) values ('fac_id24_court_4','fac_id24','문수테니스장 코트 4');
Insert into COURT (COURT_ID,FAC_ID,COURT_NAME) values ('fac_id24_court_5','fac_id24','문수테니스장 코트 5');
Insert into COURT (COURT_ID,FAC_ID,COURT_NAME) values ('fac_id24_court_6','fac_id24','문수테니스장 코트 6');
Insert into COURT (COURT_ID,FAC_ID,COURT_NAME) values ('fac_id24_court_7','fac_id24','문수테니스장 코트 7');
Insert into COURT (COURT_ID,FAC_ID,COURT_NAME) values ('fac_id24_court_8','fac_id24','문수테니스장 코트 8');
Insert into COURT (COURT_ID,FAC_ID,COURT_NAME) values ('fac_id24_court_9','fac_id24','문수테니스장 코트 9');
Insert into COURT (COURT_ID,FAC_ID,COURT_NAME) values ('fac_id24_court_10','fac_id24','문수테니스장 코트 10');
Insert into COURT (COURT_ID,FAC_ID,COURT_NAME) values ('fac_id24_court_11','fac_id24','문수테니스장 코트 11');
Insert into COURT (COURT_ID,FAC_ID,COURT_NAME) values ('fac_id24_court_12','fac_id24','문수테니스장 코트 12');
Insert into COURT (COURT_ID,FAC_ID,COURT_NAME) values ('fac_id24_court_13','fac_id24','문수테니스장 코트 13');
Insert into COURT (COURT_ID,FAC_ID,COURT_NAME) values ('fac_id24_court_14','fac_id24','문수테니스장 코트 14');
Insert into COURT (COURT_ID,FAC_ID,COURT_NAME) values ('fac_id24_court_15','fac_id24','문수테니스장 코트 15');
Insert into COURT (COURT_ID,FAC_ID,COURT_NAME) values ('fac_id24_court_16','fac_id24','문수테니스장 코트 16');
Insert into COURT (COURT_ID,FAC_ID,COURT_NAME) values ('fac_id24_court_17','fac_id24','문수테니스장 코트 17');
Insert into COURT (COURT_ID,FAC_ID,COURT_NAME) values ('fac_id24_court_18','fac_id24','문수테니스장 코트 18');
Insert into COURT (COURT_ID,FAC_ID,COURT_NAME) values ('fac_id24_court_19','fac_id24','문수테니스장 코트 19');
Insert into COURT (COURT_ID,FAC_ID,COURT_NAME) values ('fac_id24_court_20','fac_id24','문수테니스장 코트 20');
Insert into COURT (COURT_ID,FAC_ID,COURT_NAME) values ('fac_id24_court_21','fac_id24','문수테니스장 코트 21');
Insert into COURT (COURT_ID,FAC_ID,COURT_NAME) values ('fac_id24_court_22','fac_id24','문수테니스장 코트 22');
Insert into COURT (COURT_ID,FAC_ID,COURT_NAME) values ('fac_id23_court_1','fac_id23','감삼테니스장 코트 1');
Insert into COURT (COURT_ID,FAC_ID,COURT_NAME) values ('fac_id23_court_2','fac_id23','감삼테니스장 코트 2');
Insert into COURT (COURT_ID,FAC_ID,COURT_NAME) values ('fac_id23_court_3','fac_id23','감삼테니스장 코트 3');
Insert into COURT (COURT_ID,FAC_ID,COURT_NAME) values ('fac_id23_court_4','fac_id23','감삼테니스장 코트 4');
Insert into COURT (COURT_ID,FAC_ID,COURT_NAME) values ('fac_id23_court_5','fac_id23','감삼테니스장 코트 5');
Insert into COURT (COURT_ID,FAC_ID,COURT_NAME) values ('fac_id22_court_1','fac_id22','창원시립테니스장 코트 1');
Insert into COURT (COURT_ID,FAC_ID,COURT_NAME) values ('fac_id22_court_2','fac_id22','창원시립테니스장 코트 2');
Insert into COURT (COURT_ID,FAC_ID,COURT_NAME) values ('fac_id22_court_3','fac_id22','창원시립테니스장 코트 3');
Insert into COURT (COURT_ID,FAC_ID,COURT_NAME) values ('fac_id22_court_4','fac_id22','창원시립테니스장 코트 4');
Insert into COURT (COURT_ID,FAC_ID,COURT_NAME) values ('fac_id22_court_5','fac_id22','창원시립테니스장 코트 5');
Insert into COURT (COURT_ID,FAC_ID,COURT_NAME) values ('fac_id22_court_6','fac_id22','창원시립테니스장 코트 6');
Insert into COURT (COURT_ID,FAC_ID,COURT_NAME) values ('fac_id22_court_7','fac_id22','창원시립테니스장 코트 7');
Insert into COURT (COURT_ID,FAC_ID,COURT_NAME) values ('fac_id22_court_8','fac_id22','창원시립테니스장 코트 8');
Insert into COURT (COURT_ID,FAC_ID,COURT_NAME) values ('fac_id22_court_9','fac_id22','창원시립테니스장 코트 9');
Insert into COURT (COURT_ID,FAC_ID,COURT_NAME) values ('fac_id22_court_10','fac_id22','창원시립테니스장 코트 10');
Insert into COURT (COURT_ID,FAC_ID,COURT_NAME) values ('fac_id22_court_11','fac_id22','창원시립테니스장 코트 11');
Insert into COURT (COURT_ID,FAC_ID,COURT_NAME) values ('fac_id22_court_12','fac_id22','창원시립테니스장 코트 12');
Insert into COURT (COURT_ID,FAC_ID,COURT_NAME) values ('fac_id22_court_13','fac_id22','창원시립테니스장 코트 13');
Insert into COURT (COURT_ID,FAC_ID,COURT_NAME) values ('fac_id22_court_14','fac_id22','창원시립테니스장 코트 14');
Insert into COURT (COURT_ID,FAC_ID,COURT_NAME) values ('fac_id22_court_15','fac_id22','창원시립테니스장 코트 15');
Insert into COURT (COURT_ID,FAC_ID,COURT_NAME) values ('fac_id22_court_16','fac_id22','창원시립테니스장 코트 16');
Insert into COURT (COURT_ID,FAC_ID,COURT_NAME) values ('fac_id22_court_17','fac_id22','창원시립테니스장 코트 17');
Insert into COURT (COURT_ID,FAC_ID,COURT_NAME) values ('fac_id22_court_18','fac_id22','창원시립테니스장 코트 18');
Insert into COURT (COURT_ID,FAC_ID,COURT_NAME) values ('fac_id22_court_19','fac_id22','창원시립테니스장 코트 19');
Insert into COURT (COURT_ID,FAC_ID,COURT_NAME) values ('fac_id22_court_20','fac_id22','창원시립테니스장 코트 20');
Insert into COURT (COURT_ID,FAC_ID,COURT_NAME) values ('fac_id22_court_21','fac_id22','창원시립테니스장 코트 21');
Insert into COURT (COURT_ID,FAC_ID,COURT_NAME) values ('fac_id22_court_22','fac_id22','창원시립테니스장 코트 22');
Insert into COURT (COURT_ID,FAC_ID,COURT_NAME) values ('fac_id21_court_1','fac_id21','예천군 공설테니스장 코트 1');
Insert into COURT (COURT_ID,FAC_ID,COURT_NAME) values ('fac_id21_court_2','fac_id21','예천군 공설테니스장 코트 2');
Insert into COURT (COURT_ID,FAC_ID,COURT_NAME) values ('fac_id21_court_3','fac_id21','예천군 공설테니스장 코트 3');
Insert into COURT (COURT_ID,FAC_ID,COURT_NAME) values ('fac_id21_court_4','fac_id21','예천군 공설테니스장 코트 4');
Insert into COURT (COURT_ID,FAC_ID,COURT_NAME) values ('fac_id21_court_5','fac_id21','예천군 공설테니스장 코트 5');
Insert into COURT (COURT_ID,FAC_ID,COURT_NAME) values ('fac_id21_court_6','fac_id21','예천군 공설테니스장 코트 6');
Insert into COURT (COURT_ID,FAC_ID,COURT_NAME) values ('fac_id21_court_7','fac_id21','예천군 공설테니스장 코트 7');
Insert into COURT (COURT_ID,FAC_ID,COURT_NAME) values ('fac_id21_court_8','fac_id21','예천군 공설테니스장 코트 8');
Insert into COURT (COURT_ID,FAC_ID,COURT_NAME) values ('fac_id21_court_9','fac_id21','예천군 공설테니스장 코트 9');
Insert into COURT (COURT_ID,FAC_ID,COURT_NAME) values ('fac_id21_court_10','fac_id21','예천군 공설테니스장 코트 10');
Insert into COURT (COURT_ID,FAC_ID,COURT_NAME) values ('fac_id20_court_1','fac_id20','송강실내테니스장 코트 1');
Insert into COURT (COURT_ID,FAC_ID,COURT_NAME) values ('fac_id20_court_2','fac_id20','송강실내테니스장 코트 2');
Insert into COURT (COURT_ID,FAC_ID,COURT_NAME) values ('fac_id20_court_3','fac_id20','송강실내테니스장 코트 3');
Insert into COURT (COURT_ID,FAC_ID,COURT_NAME) values ('fac_id20_court_4','fac_id20','송강실내테니스장 코트 4');
Insert into COURT (COURT_ID,FAC_ID,COURT_NAME) values ('fac_id19_court_1','fac_id19','공주시립테니스장 코트 1');
Insert into COURT (COURT_ID,FAC_ID,COURT_NAME) values ('fac_id19_court_2','fac_id19','공주시립테니스장 코트 2');
Insert into COURT (COURT_ID,FAC_ID,COURT_NAME) values ('fac_id19_court_3','fac_id19','공주시립테니스장 코트 3');
Insert into COURT (COURT_ID,FAC_ID,COURT_NAME) values ('fac_id19_court_4','fac_id19','공주시립테니스장 코트 4');
Insert into COURT (COURT_ID,FAC_ID,COURT_NAME) values ('fac_id19_court_5','fac_id19','공주시립테니스장 코트 5');
Insert into COURT (COURT_ID,FAC_ID,COURT_NAME) values ('fac_id19_court_6','fac_id19','공주시립테니스장 코트 6');
Insert into COURT (COURT_ID,FAC_ID,COURT_NAME) values ('fac_id19_court_7','fac_id19','공주시립테니스장 코트 7');
Insert into COURT (COURT_ID,FAC_ID,COURT_NAME) values ('fac_id19_court_8','fac_id19','공주시립테니스장 코트 8');
Insert into COURT (COURT_ID,FAC_ID,COURT_NAME) values ('fac_id19_court_9','fac_id19','공주시립테니스장 코트 9');
Insert into COURT (COURT_ID,FAC_ID,COURT_NAME) values ('fac_id18_court_1','fac_id18','청주국제테니스장 코트 1');
Insert into COURT (COURT_ID,FAC_ID,COURT_NAME) values ('fac_id18_court_2','fac_id18','청주국제테니스장 코트 2');
Insert into COURT (COURT_ID,FAC_ID,COURT_NAME) values ('fac_id18_court_3','fac_id18','청주국제테니스장 코트 3');
Insert into COURT (COURT_ID,FAC_ID,COURT_NAME) values ('fac_id18_court_4','fac_id18','청주국제테니스장 코트 4');
Insert into COURT (COURT_ID,FAC_ID,COURT_NAME) values ('fac_id18_court_5','fac_id18','청주국제테니스장 코트 5');
Insert into COURT (COURT_ID,FAC_ID,COURT_NAME) values ('fac_id18_court_6','fac_id18','청주국제테니스장 코트 6');
Insert into COURT (COURT_ID,FAC_ID,COURT_NAME) values ('fac_id18_court_7','fac_id18','청주국제테니스장 코트 7');
Insert into COURT (COURT_ID,FAC_ID,COURT_NAME) values ('fac_id18_court_8','fac_id18','청주국제테니스장 코트 8');
Insert into COURT (COURT_ID,FAC_ID,COURT_NAME) values ('fac_id18_court_9','fac_id18','청주국제테니스장 코트 9');
Insert into COURT (COURT_ID,FAC_ID,COURT_NAME) values ('fac_id18_court_10','fac_id18','청주국제테니스장 코트 10');
Insert into COURT (COURT_ID,FAC_ID,COURT_NAME) values ('fac_id18_court_11','fac_id18','청주국제테니스장 코트 11');
Insert into COURT (COURT_ID,FAC_ID,COURT_NAME) values ('fac_id18_court_12','fac_id18','청주국제테니스장 코트 12');
Insert into COURT (COURT_ID,FAC_ID,COURT_NAME) values ('fac_id17_court_1','fac_id17','백운테니스장 코트 1');
Insert into COURT (COURT_ID,FAC_ID,COURT_NAME) values ('fac_id17_court_2','fac_id17','백운테니스장 코트 2');
Insert into COURT (COURT_ID,FAC_ID,COURT_NAME) values ('fac_id17_court_3','fac_id17','백운테니스장 코트 3');
Insert into COURT (COURT_ID,FAC_ID,COURT_NAME) values ('fac_id17_court_4','fac_id17','백운테니스장 코트 4');
Insert into COURT (COURT_ID,FAC_ID,COURT_NAME) values ('fac_id16_court_1','fac_id16','새아침공원테니스장 코트 1');
Insert into COURT (COURT_ID,FAC_ID,COURT_NAME) values ('fac_id16_court_2','fac_id16','새아침공원테니스장 코트 2');
Insert into COURT (COURT_ID,FAC_ID,COURT_NAME) values ('fac_id16_court_3','fac_id16','새아침공원테니스장 코트 3');
Insert into COURT (COURT_ID,FAC_ID,COURT_NAME) values ('fac_id16_court_4','fac_id16','새아침공원테니스장 코트 4');
Insert into COURT (COURT_ID,FAC_ID,COURT_NAME) values ('fac_id14_court_1','fac_id14','올림픽공원 실내테니스장 코트 1');
Insert into COURT (COURT_ID,FAC_ID,COURT_NAME) values ('fac_id14_court_2','fac_id14','올림픽공원 실내테니스장 코트 2');
Insert into COURT (COURT_ID,FAC_ID,COURT_NAME) values ('fac_id14_court_3','fac_id14','올림픽공원 실내테니스장 코트 3');
Insert into COURT (COURT_ID,FAC_ID,COURT_NAME) values ('fac_id14_court_4','fac_id14','올림픽공원 실내테니스장 코트 4');
Insert into COURT (COURT_ID,FAC_ID,COURT_NAME) values ('fac_id14_court_5','fac_id14','올림픽공원 실내테니스장 코트 5');
Insert into COURT (COURT_ID,FAC_ID,COURT_NAME) values ('fac_id14_court_6','fac_id14','올림픽공원 실내테니스장 코트 6');
Insert into COURT (COURT_ID,FAC_ID,COURT_NAME) values ('fac_id14_court_7','fac_id14','올림픽공원 실내테니스장 코트 7');
Insert into COURT (COURT_ID,FAC_ID,COURT_NAME) values ('fac_id14_court_8','fac_id14','올림픽공원 실내테니스장 코트 8');
Insert into COURT (COURT_ID,FAC_ID,COURT_NAME) values ('fac_id14_court_9','fac_id14','올림픽공원 실내테니스장 코트 9');
Insert into COURT (COURT_ID,FAC_ID,COURT_NAME) values ('fac_id14_court_10','fac_id14','올림픽공원 실내테니스장 코트 10');
Insert into COURT (COURT_ID,FAC_ID,COURT_NAME) values ('fac_id14_court_11','fac_id14','올림픽공원 실내테니스장 코트 11');
Insert into COURT (COURT_ID,FAC_ID,COURT_NAME) values ('fac_id14_court_12','fac_id14','올림픽공원 실내테니스장 코트 12');
Insert into COURT (COURT_ID,FAC_ID,COURT_NAME) values ('fac_id14_court_13','fac_id14','올림픽공원 실내테니스장 코트 13');
Insert into COURT (COURT_ID,FAC_ID,COURT_NAME) values ('fac_id14_court_14','fac_id14','올림픽공원 실내테니스장 코트 14');
Insert into COURT (COURT_ID,FAC_ID,COURT_NAME) values ('fac_id14_court_15','fac_id14','올림픽공원 실내테니스장 코트 15');
Insert into COURT (COURT_ID,FAC_ID,COURT_NAME) values ('fac_id14_court_16','fac_id14','올림픽공원 실내테니스장 코트 16');
Insert into COURT (COURT_ID,FAC_ID,COURT_NAME) values ('fac_id14_court_17','fac_id14','올림픽공원 실내테니스장 코트 17');
Insert into COURT (COURT_ID,FAC_ID,COURT_NAME) values ('fac_id14_court_18','fac_id14','올림픽공원 실내테니스장 코트 18');
Insert into COURT (COURT_ID,FAC_ID,COURT_NAME) values ('fac_id14_court_19','fac_id14','올림픽공원 실내테니스장 코트 19');
Insert into COURT (COURT_ID,FAC_ID,COURT_NAME) values ('fac_id13_court_1','fac_id13','랠리테니스 용마점 코트 1');
Insert into COURT (COURT_ID,FAC_ID,COURT_NAME) values ('fac_id13_court_2','fac_id13','랠리테니스 용마점 코트 2');
Insert into COURT (COURT_ID,FAC_ID,COURT_NAME) values ('fac_id13_court_3','fac_id13','랠리테니스 용마점 코트 3');
Insert into COURT (COURT_ID,FAC_ID,COURT_NAME) values ('fac_id13_court_4','fac_id13','랠리테니스 용마점 코트 4');
Insert into COURT (COURT_ID,FAC_ID,COURT_NAME) values ('fac_id13_court_5','fac_id13','랠리테니스 용마점 코트 5');
Insert into COURT (COURT_ID,FAC_ID,COURT_NAME) values ('fac_id13_court_6','fac_id13','랠리테니스 용마점 코트 6');
Insert into COURT (COURT_ID,FAC_ID,COURT_NAME) values ('fac_id13_court_7','fac_id13','랠리테니스 용마점 코트 7');
Insert into COURT (COURT_ID,FAC_ID,COURT_NAME) values ('fac_id13_court_8','fac_id13','랠리테니스 용마점 코트 8');
Insert into COURT (COURT_ID,FAC_ID,COURT_NAME) values ('fac_id13_court_9','fac_id13','랠리테니스 용마점 코트 9');
Insert into COURT (COURT_ID,FAC_ID,COURT_NAME) values ('fac_id13_court_10','fac_id13','랠리테니스 용마점 코트 10');
Insert into COURT (COURT_ID,FAC_ID,COURT_NAME) values ('fac_id13_court_11','fac_id13','랠리테니스 용마점 코트 11');
Insert into COURT (COURT_ID,FAC_ID,COURT_NAME) values ('fac_id13_court_12','fac_id13','랠리테니스 용마점 코트 12');
Insert into COURT (COURT_ID,FAC_ID,COURT_NAME) values ('fac_id13_court_13','fac_id13','랠리테니스 용마점 코트 13');
Insert into COURT (COURT_ID,FAC_ID,COURT_NAME) values ('fac_id13_court_14','fac_id13','랠리테니스 용마점 코트 14');
Insert into COURT (COURT_ID,FAC_ID,COURT_NAME) values ('fac_id13_court_15','fac_id13','랠리테니스 용마점 코트 15');
Insert into COURT (COURT_ID,FAC_ID,COURT_NAME) values ('fac_id13_court_16','fac_id13','랠리테니스 용마점 코트 16');
Insert into COURT (COURT_ID,FAC_ID,COURT_NAME) values ('fac_id13_court_17','fac_id13','랠리테니스 용마점 코트 17');
Insert into COURT (COURT_ID,FAC_ID,COURT_NAME) values ('fac_id13_court_18','fac_id13','랠리테니스 용마점 코트 18');
Insert into COURT (COURT_ID,FAC_ID,COURT_NAME) values ('fac_id9_court_1','fac_id9','골드CC 시립테니스장 코트 1');
Insert into COURT (COURT_ID,FAC_ID,COURT_NAME) values ('fac_id9_court_2','fac_id9','골드CC 시립테니스장 코트 2');
Insert into COURT (COURT_ID,FAC_ID,COURT_NAME) values ('fac_id9_court_3','fac_id9','골드CC 시립테니스장 코트 3');
Insert into COURT (COURT_ID,FAC_ID,COURT_NAME) values ('fac_id9_court_4','fac_id9','골드CC 시립테니스장 코트 4');
Insert into COURT (COURT_ID,FAC_ID,COURT_NAME) values ('fac_id9_court_5','fac_id9','골드CC 시립테니스장 코트 5');
Insert into COURT (COURT_ID,FAC_ID,COURT_NAME) values ('fac_id9_court_6','fac_id9','골드CC 시립테니스장 코트 6');
Insert into COURT (COURT_ID,FAC_ID,COURT_NAME) values ('fac_id9_court_7','fac_id9','골드CC 시립테니스장 코트 7');
Insert into COURT (COURT_ID,FAC_ID,COURT_NAME) values ('fac_id9_court_8','fac_id9','골드CC 시립테니스장 코트 8');
Insert into COURT (COURT_ID,FAC_ID,COURT_NAME) values ('fac_id9_court_9','fac_id9','골드CC 시립테니스장 코트 9');
Insert into COURT (COURT_ID,FAC_ID,COURT_NAME) values ('fac_id9_court_10','fac_id9','골드CC 시립테니스장 코트 10');
Insert into COURT (COURT_ID,FAC_ID,COURT_NAME) values ('fac_id10_court_1','fac_id10','이충레포츠공원 테니스장 코트 1');
Insert into COURT (COURT_ID,FAC_ID,COURT_NAME) values ('fac_id10_court_2','fac_id10','이충레포츠공원 테니스장 코트 2');
Insert into COURT (COURT_ID,FAC_ID,COURT_NAME) values ('fac_id10_court_3','fac_id10','이충레포츠공원 테니스장 코트 3');
Insert into COURT (COURT_ID,FAC_ID,COURT_NAME) values ('fac_id10_court_4','fac_id10','이충레포츠공원 테니스장 코트 4');
Insert into COURT (COURT_ID,FAC_ID,COURT_NAME) values ('fac_id10_court_5','fac_id10','이충레포츠공원 테니스장 코트 5');
Insert into COURT (COURT_ID,FAC_ID,COURT_NAME) values ('fac_id10_court_6','fac_id10','이충레포츠공원 테니스장 코트 6');
Insert into COURT (COURT_ID,FAC_ID,COURT_NAME) values ('fac_id10_court_7','fac_id10','이충레포츠공원 테니스장 코트 7');
Insert into COURT (COURT_ID,FAC_ID,COURT_NAME) values ('fac_id10_court_8','fac_id10','이충레포츠공원 테니스장 코트 8');
Insert into COURT (COURT_ID,FAC_ID,COURT_NAME) values ('fac_id10_court_9','fac_id10','이충레포츠공원 테니스장 코트 9');
Insert into COURT (COURT_ID,FAC_ID,COURT_NAME) values ('fac_id10_court_10','fac_id10','이충레포츠공원 테니스장 코트 10');
Insert into COURT (COURT_ID,FAC_ID,COURT_NAME) values ('fac_id11_court_1','fac_id11','군포도시공사 시민체육광장테니스장 코트 1');
Insert into COURT (COURT_ID,FAC_ID,COURT_NAME) values ('fac_id11_court_2','fac_id11','군포도시공사 시민체육광장테니스장 코트 2');
Insert into COURT (COURT_ID,FAC_ID,COURT_NAME) values ('fac_id11_court_3','fac_id11','군포도시공사 시민체육광장테니스장 코트 3');
Insert into COURT (COURT_ID,FAC_ID,COURT_NAME) values ('fac_id11_court_4','fac_id11','군포도시공사 시민체육광장테니스장 코트 4');
Insert into COURT (COURT_ID,FAC_ID,COURT_NAME) values ('fac_id11_court_5','fac_id11','군포도시공사 시민체육광장테니스장 코트 5');
Insert into COURT (COURT_ID,FAC_ID,COURT_NAME) values ('fac_id11_court_6','fac_id11','군포도시공사 시민체육광장테니스장 코트 6');
Insert into COURT (COURT_ID,FAC_ID,COURT_NAME) values ('fac_id11_court_7','fac_id11','군포도시공사 시민체육광장테니스장 코트 7');
Insert into COURT (COURT_ID,FAC_ID,COURT_NAME) values ('fac_id11_court_8','fac_id11','군포도시공사 시민체육광장테니스장 코트 8');
Insert into COURT (COURT_ID,FAC_ID,COURT_NAME) values ('fac_id11_court_9','fac_id11','군포도시공사 시민체육광장테니스장 코트 9');
Insert into COURT (COURT_ID,FAC_ID,COURT_NAME) values ('fac_id8_court_1','fac_id8','가평테니스장 코트 1');
Insert into COURT (COURT_ID,FAC_ID,COURT_NAME) values ('fac_id8_court_2','fac_id8','가평테니스장 코트 2');
Insert into COURT (COURT_ID,FAC_ID,COURT_NAME) values ('fac_id8_court_3','fac_id8','가평테니스장 코트 3');
Insert into COURT (COURT_ID,FAC_ID,COURT_NAME) values ('fac_id8_court_4','fac_id8','가평테니스장 코트 4');
Insert into COURT (COURT_ID,FAC_ID,COURT_NAME) values ('fac_id8_court_5','fac_id8','가평테니스장 코트 5');
Insert into COURT (COURT_ID,FAC_ID,COURT_NAME) values ('fac_id8_court_6','fac_id8','가평테니스장 코트 6');
Insert into COURT (COURT_ID,FAC_ID,COURT_NAME) values ('fac_id8_court_7','fac_id8','가평테니스장 코트 7');
Insert into COURT (COURT_ID,FAC_ID,COURT_NAME) values ('fac_id8_court_8','fac_id8','가평테니스장 코트 8');
Insert into COURT (COURT_ID,FAC_ID,COURT_NAME) values ('fac_id8_court_9','fac_id8','가평테니스장 코트 9');
Insert into COURT (COURT_ID,FAC_ID,COURT_NAME) values ('fac_id8_court_10','fac_id8','가평테니스장 코트 10');

REM INSERTING into KAKAOPAY
SET DEFINE OFF;
Insert into KAKAOPAY (M_ID,NUM,TID,AID,CID,CASH,AMOUNT_TOTAL,AMOUNT_POINT,QUANTITY,ITEM_NAME,CREATED_AT,APPROVED_AT,PARTNER_ORDER_ID,PARTNER_USER_ID,PAYMENT_METHOD_TYPE) values ('creater',6,'T4ba36ef76b902839a00',null,null,0,null,null,null,null,null,null,null,null,null);
Insert into KAKAOPAY (M_ID,NUM,TID,AID,CID,CASH,AMOUNT_TOTAL,AMOUNT_POINT,QUANTITY,ITEM_NAME,CREATED_AT,APPROVED_AT,PARTNER_ORDER_ID,PARTNER_USER_ID,PAYMENT_METHOD_TYPE) values ('tester1',8,'T4ba3a7576b902839a39',null,null,0,null,null,null,null,null,null,null,null,null);
Insert into KAKAOPAY (M_ID,NUM,TID,AID,CID,CASH,AMOUNT_TOTAL,AMOUNT_POINT,QUANTITY,ITEM_NAME,CREATED_AT,APPROVED_AT,PARTNER_ORDER_ID,PARTNER_USER_ID,PAYMENT_METHOD_TYPE) values ('asdinosaur',11,'T4ba743a76b902839c64',null,null,0,null,null,null,null,null,null,null,null,null);
Insert into KAKAOPAY (M_ID,NUM,TID,AID,CID,CASH,AMOUNT_TOTAL,AMOUNT_POINT,QUANTITY,ITEM_NAME,CREATED_AT,APPROVED_AT,PARTNER_ORDER_ID,PARTNER_USER_ID,PAYMENT_METHOD_TYPE) values ('admin',21,'T4bb319376b90283a0df',null,null,0,null,null,null,null,null,null,null,null,null);
Insert into KAKAOPAY (M_ID,NUM,TID,AID,CID,CASH,AMOUNT_TOTAL,AMOUNT_POINT,QUANTITY,ITEM_NAME,CREATED_AT,APPROVED_AT,PARTNER_ORDER_ID,PARTNER_USER_ID,PAYMENT_METHOD_TYPE) values ('tester6',64,'T4be0b1f76b90283b49c','A4be0b2b76b90283b49e','TC0ONETIME',0,10000,0,1,'테스트테니스장A 코트 1','2023-07-24 14:24','2023-07-24 14:25','partner_order_id','partner_user_id','MONEY');
Insert into KAKAOPAY (M_ID,NUM,TID,AID,CID,CASH,AMOUNT_TOTAL,AMOUNT_POINT,QUANTITY,ITEM_NAME,CREATED_AT,APPROVED_AT,PARTNER_ORDER_ID,PARTNER_USER_ID,PAYMENT_METHOD_TYPE) values ('asdinosaur',83,'T4be26e276b90283b69d',null,null,0,null,null,null,null,null,null,null,null,null);
Insert into KAKAOPAY (M_ID,NUM,TID,AID,CID,CASH,AMOUNT_TOTAL,AMOUNT_POINT,QUANTITY,ITEM_NAME,CREATED_AT,APPROVED_AT,PARTNER_ORDER_ID,PARTNER_USER_ID,PAYMENT_METHOD_TYPE) values ('tester2',1,'T4ba346676b902839999',null,null,0,null,null,null,null,null,null,null,null,null);
Insert into KAKAOPAY (M_ID,NUM,TID,AID,CID,CASH,AMOUNT_TOTAL,AMOUNT_POINT,QUANTITY,ITEM_NAME,CREATED_AT,APPROVED_AT,PARTNER_ORDER_ID,PARTNER_USER_ID,PAYMENT_METHOD_TYPE) values ('joon1',7,'T4ba378e76b902839a0a','A4ba379d4ce74cf58c10','TC0ONETIME',0,13000,0,1,'부천종합운동장테니스장 코트 1','2023-07-21 16:45','2023-07-21 16:45','partner_order_id','partner_user_id','MONEY');
Insert into KAKAOPAY (M_ID,NUM,TID,AID,CID,CASH,AMOUNT_TOTAL,AMOUNT_POINT,QUANTITY,ITEM_NAME,CREATED_AT,APPROVED_AT,PARTNER_ORDER_ID,PARTNER_USER_ID,PAYMENT_METHOD_TYPE) values ('glasses',9,'T4ba3bb74ce74cf58c47',null,null,0,null,null,null,null,null,null,null,null,null);
Insert into KAKAOPAY (M_ID,NUM,TID,AID,CID,CASH,AMOUNT_TOTAL,AMOUNT_POINT,QUANTITY,ITEM_NAME,CREATED_AT,APPROVED_AT,PARTNER_ORDER_ID,PARTNER_USER_ID,PAYMENT_METHOD_TYPE) values ('cadmin',12,'T4ba809c4ce74cf58ea6',null,null,0,null,null,null,null,null,null,null,null,null);
Insert into KAKAOPAY (M_ID,NUM,TID,AID,CID,CASH,AMOUNT_TOTAL,AMOUNT_POINT,QUANTITY,ITEM_NAME,CREATED_AT,APPROVED_AT,PARTNER_ORDER_ID,PARTNER_USER_ID,PAYMENT_METHOD_TYPE) values ('admin',26,'T4bb64d376b90283a213',null,null,0,null,null,null,null,null,null,null,null,null);
Insert into KAKAOPAY (M_ID,NUM,TID,AID,CID,CASH,AMOUNT_TOTAL,AMOUNT_POINT,QUANTITY,ITEM_NAME,CREATED_AT,APPROVED_AT,PARTNER_ORDER_ID,PARTNER_USER_ID,PAYMENT_METHOD_TYPE) values ('tester7',63,'T4be0a2e76b90283b48f','A4be0a4176b90283b491','TC0ONETIME',0,2000,0,1,'연천군 매치 등록합니다 !!','2023-07-24 14:20','2023-07-24 14:21','partner_order_id','partner_user_id','MONEY');
Insert into KAKAOPAY (M_ID,NUM,TID,AID,CID,CASH,AMOUNT_TOTAL,AMOUNT_POINT,QUANTITY,ITEM_NAME,CREATED_AT,APPROVED_AT,PARTNER_ORDER_ID,PARTNER_USER_ID,PAYMENT_METHOD_TYPE) values ('ctest',3,'T4ba34974ce74cf58b9e','A4ba34c176b9028399a9','TC0ONETIME',0,2000,0,1,'랠리테니스 용마점 코트 2','2023-07-21 16:32','2023-07-21 16:33','partner_order_id','partner_user_id','MONEY');
Insert into KAKAOPAY (M_ID,NUM,TID,AID,CID,CASH,AMOUNT_TOTAL,AMOUNT_POINT,QUANTITY,ITEM_NAME,CREATED_AT,APPROVED_AT,PARTNER_ORDER_ID,PARTNER_USER_ID,PAYMENT_METHOD_TYPE) values ('ctest',4,'T4ba351b76b9028399b2',null,null,0,null,null,null,null,null,null,null,null,null);
Insert into KAKAOPAY (M_ID,NUM,TID,AID,CID,CASH,AMOUNT_TOTAL,AMOUNT_POINT,QUANTITY,ITEM_NAME,CREATED_AT,APPROVED_AT,PARTNER_ORDER_ID,PARTNER_USER_ID,PAYMENT_METHOD_TYPE) values ('admin',5,'T4ba36174ce74cf58bf2','A4ba362c76b9028399f4','TC0ONETIME',0,6000,0,1,'수원 만석공원 여성 구력 5년이상 모집','2023-07-21 16:39','2023-07-21 16:39','partner_order_id','partner_user_id','MONEY');
Insert into KAKAOPAY (M_ID,NUM,TID,AID,CID,CASH,AMOUNT_TOTAL,AMOUNT_POINT,QUANTITY,ITEM_NAME,CREATED_AT,APPROVED_AT,PARTNER_ORDER_ID,PARTNER_USER_ID,PAYMENT_METHOD_TYPE) values ('cadmin',13,'T4ba81cc76b902839cb9',null,null,0,null,null,null,null,null,null,null,null,null);
Insert into KAKAOPAY (M_ID,NUM,TID,AID,CID,CASH,AMOUNT_TOTAL,AMOUNT_POINT,QUANTITY,ITEM_NAME,CREATED_AT,APPROVED_AT,PARTNER_ORDER_ID,PARTNER_USER_ID,PAYMENT_METHOD_TYPE) values ('asdinosaur',82,'T4be263576b90283b68d',null,null,0,null,null,null,null,null,null,null,null,null);
Insert into KAKAOPAY (M_ID,NUM,TID,AID,CID,CASH,AMOUNT_TOTAL,AMOUNT_POINT,QUANTITY,ITEM_NAME,CREATED_AT,APPROVED_AT,PARTNER_ORDER_ID,PARTNER_USER_ID,PAYMENT_METHOD_TYPE) values ('tester2',2,'T4ba348c4ce74cf58b9b',null,null,0,null,null,null,null,null,null,null,null,null);
Insert into KAKAOPAY (M_ID,NUM,TID,AID,CID,CASH,AMOUNT_TOTAL,AMOUNT_POINT,QUANTITY,ITEM_NAME,CREATED_AT,APPROVED_AT,PARTNER_ORDER_ID,PARTNER_USER_ID,PAYMENT_METHOD_TYPE) values ('tester1',10,'T4ba3ec84ce74cf58c77',null,null,0,null,null,null,null,null,null,null,null,null);
Insert into KAKAOPAY (M_ID,NUM,TID,AID,CID,CASH,AMOUNT_TOTAL,AMOUNT_POINT,QUANTITY,ITEM_NAME,CREATED_AT,APPROVED_AT,PARTNER_ORDER_ID,PARTNER_USER_ID,PAYMENT_METHOD_TYPE) values ('admin',22,'T4bb31c04ce74cf592b1','A4bb31e94ce74cf592b5','TC0ONETIME',0,5000,0,1,'가평테니스장 혼복 모집','2023-07-22 10:32','2023-07-22 10:33','partner_order_id','partner_user_id','MONEY');
Insert into KAKAOPAY (M_ID,NUM,TID,AID,CID,CASH,AMOUNT_TOTAL,AMOUNT_POINT,QUANTITY,ITEM_NAME,CREATED_AT,APPROVED_AT,PARTNER_ORDER_ID,PARTNER_USER_ID,PAYMENT_METHOD_TYPE) values ('asdinosaur',23,'T4bb326976b90283a0e7',null,null,0,null,null,null,null,null,null,null,null,null);
Insert into KAKAOPAY (M_ID,NUM,TID,AID,CID,CASH,AMOUNT_TOTAL,AMOUNT_POINT,QUANTITY,ITEM_NAME,CREATED_AT,APPROVED_AT,PARTNER_ORDER_ID,PARTNER_USER_ID,PAYMENT_METHOD_TYPE) values ('test123',24,'T4bb63564ce74cf593db',null,null,0,null,null,null,null,null,null,null,null,null);
Insert into KAKAOPAY (M_ID,NUM,TID,AID,CID,CASH,AMOUNT_TOTAL,AMOUNT_POINT,QUANTITY,ITEM_NAME,CREATED_AT,APPROVED_AT,PARTNER_ORDER_ID,PARTNER_USER_ID,PAYMENT_METHOD_TYPE) values ('test1',25,'T4bb63dd76b90283a20e',null,null,0,null,null,null,null,null,null,null,null,null);
Insert into KAKAOPAY (M_ID,NUM,TID,AID,CID,CASH,AMOUNT_TOTAL,AMOUNT_POINT,QUANTITY,ITEM_NAME,CREATED_AT,APPROVED_AT,PARTNER_ORDER_ID,PARTNER_USER_ID,PAYMENT_METHOD_TYPE) values ('creater',41,'T4bdce494ce74cf5a2d5',null,null,0,null,null,null,null,null,null,null,null,null);
Insert into KAKAOPAY (M_ID,NUM,TID,AID,CID,CASH,AMOUNT_TOTAL,AMOUNT_POINT,QUANTITY,ITEM_NAME,CREATED_AT,APPROVED_AT,PARTNER_ORDER_ID,PARTNER_USER_ID,PAYMENT_METHOD_TYPE) values ('tester5',61,'T4bdfc9376b90283b390','A4bdfca64ce74cf5a525','TC0ONETIME',0,2000,0,1,'경기 연천 테린이 매치 모집합니다 !!','2023-07-24 13:22','2023-07-24 13:23','partner_order_id','partner_user_id','MONEY');
Insert into KAKAOPAY (M_ID,NUM,TID,AID,CID,CASH,AMOUNT_TOTAL,AMOUNT_POINT,QUANTITY,ITEM_NAME,CREATED_AT,APPROVED_AT,PARTNER_ORDER_ID,PARTNER_USER_ID,PAYMENT_METHOD_TYPE) values ('tester6',62,'T4bdff924ce74cf5a54e','A4bdff9f4ce74cf5a552','TC0ONETIME',0,10000,0,1,'온골테니스장 코트 1','2023-07-24 13:35','2023-07-24 13:35','partner_order_id','partner_user_id','MONEY');
Insert into KAKAOPAY (M_ID,NUM,TID,AID,CID,CASH,AMOUNT_TOTAL,AMOUNT_POINT,QUANTITY,ITEM_NAME,CREATED_AT,APPROVED_AT,PARTNER_ORDER_ID,PARTNER_USER_ID,PAYMENT_METHOD_TYPE) values ('asdinosaur',81,'T4be24af4ce74cf5a7dc',null,null,0,null,null,null,null,null,null,null,null,null);

REM INSERTING into REPORT
SET DEFINE OFF;
Insert into REPORT (P_NUM,R_NUM,R_ANSWER,R_REPORTER,R_DATE,R_NAME,R_CHECKED,RA_DATE,R_INFO,R_REASON) values (1,1,'네 확인했습니다. 처리하겠습니다.','joon1',to_date('23/07/21','RR/MM/DD'),'사기가 의심됩니다 ;;','clear',to_date('23/07/21','RR/MM/DD'),'사용감 살짝인데 너무 싼거아닌가여??','사기의심');
Insert into REPORT (P_NUM,R_NUM,R_ANSWER,R_REPORTER,R_DATE,R_NAME,R_CHECKED,RA_DATE,R_INFO,R_REASON) values (1,41,'신고가 접수되어 처리중입니다','tester5',to_date('23/07/24','RR/MM/DD'),'너무 싸요','unchecked',to_date('23/07/24','RR/MM/DD'),'사기가 아닌가 싶을 정도로..','사기의심');
Insert into REPORT (P_NUM,R_NUM,R_ANSWER,R_REPORTER,R_DATE,R_NAME,R_CHECKED,RA_DATE,R_INFO,R_REASON) values (1,42,'신고가 접수되어 처리중입니다','tester7',to_date('23/07/24','RR/MM/DD'),'사기 의심됩니다.','unchecked',to_date('23/07/24','RR/MM/DD'),'신고합니다. 확인해주세요.','사기의심');
Insert into REPORT (P_NUM,R_NUM,R_ANSWER,R_REPORTER,R_DATE,R_NAME,R_CHECKED,RA_DATE,R_INFO,R_REASON) values (2,21,'확인했습니다.','admin',to_date('23/07/22','RR/MM/DD'),'신고','clear',to_date('23/07/22','RR/MM/DD'),'물건이 이상해보여요','부적합한 물건');

REM INSERTING into REPORT
SET DEFINE OFF;
Insert into REPORT (P_NUM,R_NUM,R_ANSWER,R_REPORTER,R_DATE,R_NAME,R_CHECKED,RA_DATE,R_INFO,R_REASON) values (1,1,'네 확인했습니다. 처리하겠습니다.','joon1',to_date('23/07/21','RR/MM/DD'),'사기가 의심됩니다 ;;','clear',to_date('23/07/21','RR/MM/DD'),'사용감 살짝인데 너무 싼거아닌가여??','사기의심');
Insert into REPORT (P_NUM,R_NUM,R_ANSWER,R_REPORTER,R_DATE,R_NAME,R_CHECKED,RA_DATE,R_INFO,R_REASON) values (1,41,'신고가 접수되어 처리중입니다','tester5',to_date('23/07/24','RR/MM/DD'),'너무 싸요','unchecked',to_date('23/07/24','RR/MM/DD'),'사기가 아닌가 싶을 정도로..','사기의심');
Insert into REPORT (P_NUM,R_NUM,R_ANSWER,R_REPORTER,R_DATE,R_NAME,R_CHECKED,RA_DATE,R_INFO,R_REASON) values (1,42,'신고가 접수되어 처리중입니다','tester7',to_date('23/07/24','RR/MM/DD'),'사기 의심됩니다.','unchecked',to_date('23/07/24','RR/MM/DD'),'신고합니다. 확인해주세요.','사기의심');
Insert into REPORT (P_NUM,R_NUM,R_ANSWER,R_REPORTER,R_DATE,R_NAME,R_CHECKED,RA_DATE,R_INFO,R_REASON) values (2,21,'확인했습니다.','admin',to_date('23/07/22','RR/MM/DD'),'신고','clear',to_date('23/07/22','RR/MM/DD'),'물건이 이상해보여요','부적합한 물건');

REM INSERTING into RESERVE
SET DEFINE OFF;
Insert into RESERVE (RESERVE_NO,COURT_ID,USER_ID,START_TIME,END_TIME,TOTAL_FEE) values (2,'fac_id2_court_1','ctest','2023-07-12 15:00','2023-07-12 17:00',26000);
Insert into RESERVE (RESERVE_NO,COURT_ID,USER_ID,START_TIME,END_TIME,TOTAL_FEE) values (3,'fac_id6_court_3','ctest','2023-07-20 19:00','2023-07-20 21:00',16000);
Insert into RESERVE (RESERVE_NO,COURT_ID,USER_ID,START_TIME,END_TIME,TOTAL_FEE) values (21,'fac_id2_court_1','ctest','2023-07-14 13:00','2023-07-14 15:00',26000);
Insert into RESERVE (RESERVE_NO,COURT_ID,USER_ID,START_TIME,END_TIME,TOTAL_FEE) values (22,'fac_id2_court_1','ctest','2023-07-31 06:00','2023-07-31 11:00',65000);
Insert into RESERVE (RESERVE_NO,COURT_ID,USER_ID,START_TIME,END_TIME,TOTAL_FEE) values (23,'fac_id60_court_2','ctest','2023-07-14 15:00','2023-07-14 19:00',40000);
Insert into RESERVE (RESERVE_NO,COURT_ID,USER_ID,START_TIME,END_TIME,TOTAL_FEE) values (24,'fac_id23_court_5','ctest','2023-07-14 18:00','2023-07-14 21:00',45000);
Insert into RESERVE (RESERVE_NO,COURT_ID,USER_ID,START_TIME,END_TIME,TOTAL_FEE) values (25,'fac_id13_court_3','ctest','2023-07-14 17:00','2023-07-14 21:00',40000);
Insert into RESERVE (RESERVE_NO,COURT_ID,USER_ID,START_TIME,END_TIME,TOTAL_FEE) values (26,'fac_id13_court_4','ctest','2023-07-14 17:00','2023-07-14 19:00',20000);
Insert into RESERVE (RESERVE_NO,COURT_ID,USER_ID,START_TIME,END_TIME,TOTAL_FEE) values (43,'fac_id16_court_3','ctest','2023-07-17 19:00','2023-07-17 21:00',30000);
Insert into RESERVE (RESERVE_NO,COURT_ID,USER_ID,START_TIME,END_TIME,TOTAL_FEE) values (32,'fac_id14_court_4','ctest','2023-07-14 17:00','2023-07-14 19:00',20000);
Insert into RESERVE (RESERVE_NO,COURT_ID,USER_ID,START_TIME,END_TIME,TOTAL_FEE) values (33,'fac_id17_court_4','ctest','2023-07-14 17:00','2023-07-14 18:00',10000);
Insert into RESERVE (RESERVE_NO,COURT_ID,USER_ID,START_TIME,END_TIME,TOTAL_FEE) values (31,'fac_id16_court_1','ctest','2023-07-14 17:00','2023-07-14 19:00',30000);
Insert into RESERVE (RESERVE_NO,COURT_ID,USER_ID,START_TIME,END_TIME,TOTAL_FEE) values (34,'fac_id27_court_8','ctest','2023-07-14 17:00','2023-07-14 20:00',30000);
Insert into RESERVE (RESERVE_NO,COURT_ID,USER_ID,START_TIME,END_TIME,TOTAL_FEE) values (35,'fac_id25_court_5','ctest','2023-07-14 17:00','2023-07-14 19:00',20000);
Insert into RESERVE (RESERVE_NO,COURT_ID,USER_ID,START_TIME,END_TIME,TOTAL_FEE) values (36,'fac_id24_court_6','ctest','2023-07-14 17:00','2023-07-14 19:00',30000);
Insert into RESERVE (RESERVE_NO,COURT_ID,USER_ID,START_TIME,END_TIME,TOTAL_FEE) values (37,'fac_id3_court_3','ctest','2023-07-14 17:00','2023-07-14 19:00',20000);
Insert into RESERVE (RESERVE_NO,COURT_ID,USER_ID,START_TIME,END_TIME,TOTAL_FEE) values (38,'fac_id4_court_1','ctest','2023-07-14 17:00','2023-07-14 19:00',26000);
Insert into RESERVE (RESERVE_NO,COURT_ID,USER_ID,START_TIME,END_TIME,TOTAL_FEE) values (41,'fac_id13_court_1','ctest','2023-07-17 15:00','2023-07-17 17:00',20000);
Insert into RESERVE (RESERVE_NO,COURT_ID,USER_ID,START_TIME,END_TIME,TOTAL_FEE) values (42,'fac_id16_court_2','ctest','2023-07-17 16:00','2023-07-17 18:00',30000);
Insert into RESERVE (RESERVE_NO,COURT_ID,USER_ID,START_TIME,END_TIME,TOTAL_FEE) values (44,'fac_id16_court_2','ctest','2023-07-17 19:00','2023-07-17 21:00',30000);
Insert into RESERVE (RESERVE_NO,COURT_ID,USER_ID,START_TIME,END_TIME,TOTAL_FEE) values (46,'fac_id16_court_4','ctest','2023-07-17 20:00','2023-07-17 22:00',30000);
Insert into RESERVE (RESERVE_NO,COURT_ID,USER_ID,START_TIME,END_TIME,TOTAL_FEE) values (47,'fac_id16_court_1','ctest','2023-07-19 15:00','2023-07-19 17:00',30000);
Insert into RESERVE (RESERVE_NO,COURT_ID,USER_ID,START_TIME,END_TIME,TOTAL_FEE) values (60,'fac_id10_court_1','ctest','2023-07-19 19:00','2023-07-19 21:00',20000);
Insert into RESERVE (RESERVE_NO,COURT_ID,USER_ID,START_TIME,END_TIME,TOTAL_FEE) values (61,'fac_id16_court_4','ctest','2023-07-19 18:00','2023-07-19 20:00',30000);
Insert into RESERVE (RESERVE_NO,COURT_ID,USER_ID,START_TIME,END_TIME,TOTAL_FEE) values (50,'fac_id16_court_3','ctest','2023-07-20 06:00','2023-07-19 08:00',30000);
Insert into RESERVE (RESERVE_NO,COURT_ID,USER_ID,START_TIME,END_TIME,TOTAL_FEE) values (62,'fac_id13_court_1','ctest','2023-07-19 18:00','2023-07-19 20:00',2000);
Insert into RESERVE (RESERVE_NO,COURT_ID,USER_ID,START_TIME,END_TIME,TOTAL_FEE) values (64,'fac_id13_court_2','ctest','2023-07-19 20:00','2023-07-19 22:00',2000);
Insert into RESERVE (RESERVE_NO,COURT_ID,USER_ID,START_TIME,END_TIME,TOTAL_FEE) values (65,'fac_id18_court_5','ctest','2023-07-19 18:00','2023-07-19 20:00',20000);
Insert into RESERVE (RESERVE_NO,COURT_ID,USER_ID,START_TIME,END_TIME,TOTAL_FEE) values (66,'fac_id19_court_7','cadmin','2023-07-20 19:00','2023-07-20 21:00',24000);
Insert into RESERVE (RESERVE_NO,COURT_ID,USER_ID,START_TIME,END_TIME,TOTAL_FEE) values (55,'fac_id11_court_2','ctest','2023-07-19 17:00','2023-07-19 19:00',30000);
Insert into RESERVE (RESERVE_NO,COURT_ID,USER_ID,START_TIME,END_TIME,TOTAL_FEE) values (57,'fac_id10_court_5','ctest','2023-07-19 17:00','2023-07-19 19:00',20000);
Insert into RESERVE (RESERVE_NO,COURT_ID,USER_ID,START_TIME,END_TIME,TOTAL_FEE) values (59,'fac_id10_court_1','ctest','2023-07-19 17:00','2023-07-19 19:00',20000);
Insert into RESERVE (RESERVE_NO,COURT_ID,USER_ID,START_TIME,END_TIME,TOTAL_FEE) values (104,'fac_id8_court_5','tester1','2023-07-24 15:00','2023-07-24 17:00',20000);
Insert into RESERVE (RESERVE_NO,COURT_ID,USER_ID,START_TIME,END_TIME,TOTAL_FEE) values (160,'fac_id7_court_2','asdinosaur','2023-07-25 10:00','2023-07-25 12:00',16000);
Insert into RESERVE (RESERVE_NO,COURT_ID,USER_ID,START_TIME,END_TIME,TOTAL_FEE) values (162,'fac_id7_court_2','asdinosaur','2023-07-25 21:00','2023-07-25 22:00',8000);
Insert into RESERVE (RESERVE_NO,COURT_ID,USER_ID,START_TIME,END_TIME,TOTAL_FEE) values (100,'fac_id5_court_3','tester2','2023-07-21 20:00','2023-07-21 22:00',20000);
Insert into RESERVE (RESERVE_NO,COURT_ID,USER_ID,START_TIME,END_TIME,TOTAL_FEE) values (101,'fac_id13_court_2','ctest','2023-07-21 18:00','2023-07-21 20:00',2000);
Insert into RESERVE (RESERVE_NO,COURT_ID,USER_ID,START_TIME,END_TIME,TOTAL_FEE) values (103,'fac_id4_court_1','joon1','2023-07-25 12:00','2023-07-25 13:00',13000);

REM INSERTING into ALL_COMMENTS
SET DEFINE OFF;
Insert into ALL_COMMENTS (CMT_NUM,COMM_NUM,CMT_ID,CMT_CONTENT,CMT_DATE,CMT_LIKES) values (2,3,'joon1','아.. ㄲㅂ 전 일정이 있어서 못가요.. 즐테하세요 ㅋ',to_date('23/07/21','RR/MM/DD'),0);
Insert into ALL_COMMENTS (CMT_NUM,COMM_NUM,CMT_ID,CMT_CONTENT,CMT_DATE,CMT_LIKES) values (4,4,'matchmaker','ㅋㅋㅋㅋ 쇼맨쉽 재밌네요',to_date('23/07/21','RR/MM/DD'),0);
Insert into ALL_COMMENTS (CMT_NUM,COMM_NUM,CMT_ID,CMT_CONTENT,CMT_DATE,CMT_LIKES) values (5,2,'matchmaker','저도 슬라이스가 약점인데, 도움이되는 영상이네요! 감사합니다.!!',to_date('23/07/21','RR/MM/DD'),1);
Insert into ALL_COMMENTS (CMT_NUM,COMM_NUM,CMT_ID,CMT_CONTENT,CMT_DATE,CMT_LIKES) values (6,5,'admin','꿀팁 ㄳ합니다 !',to_date('23/07/21','RR/MM/DD'),0);
Insert into ALL_COMMENTS (CMT_NUM,COMM_NUM,CMT_ID,CMT_CONTENT,CMT_DATE,CMT_LIKES) values (3,4,'joon1','ㅋㅋㅋㅋㅋ',to_date('23/07/21','RR/MM/DD'),0);
Insert into ALL_COMMENTS (CMT_NUM,COMM_NUM,CMT_ID,CMT_CONTENT,CMT_DATE,CMT_LIKES) values (7,4,'glasses','인싸중에 인싸네요 ㅋㅋㅋ',to_date('23/07/21','RR/MM/DD'),0);
Insert into ALL_COMMENTS (CMT_NUM,COMM_NUM,CMT_ID,CMT_CONTENT,CMT_DATE,CMT_LIKES) values (65,43,'tester1','안녕하세요 ! 잘 부탁드립니다 ㅎㅎㅎ',to_date('23/07/24','RR/MM/DD'),0);
Insert into ALL_COMMENTS (CMT_NUM,COMM_NUM,CMT_ID,CMT_CONTENT,CMT_DATE,CMT_LIKES) values (67,44,'terrin2','도움되는 영상 감사합니다 ~~',to_date('23/07/24','RR/MM/DD'),0);
Insert into ALL_COMMENTS (CMT_NUM,COMM_NUM,CMT_ID,CMT_CONTENT,CMT_DATE,CMT_LIKES) values (64,43,'admin','안녕하세요 관리자입니다! 저희는 언제나 뉴비를 환영합니다!',to_date('23/07/24','RR/MM/DD'),1);
Insert into ALL_COMMENTS (CMT_NUM,COMM_NUM,CMT_ID,CMT_CONTENT,CMT_DATE,CMT_LIKES) values (1,2,'admin','오 꿀팁 인정합니다 바로 테니스 코트 예약 ㄱㄱ',to_date('23/07/21','RR/MM/DD'),0);
Insert into ALL_COMMENTS (CMT_NUM,COMM_NUM,CMT_ID,CMT_CONTENT,CMT_DATE,CMT_LIKES) values (21,25,'test123','1234',to_date('23/07/23','RR/MM/DD'),0);
Insert into ALL_COMMENTS (CMT_NUM,COMM_NUM,CMT_ID,CMT_CONTENT,CMT_DATE,CMT_LIKES) values (66,43,'spring','환영합니다 ~',to_date('23/07/24','RR/MM/DD'),0);

REM INSERTING into SNS
SET DEFINE OFF;
Insert into SNS (SNS_NUM,M_USER_ID,TO_USER_ID,ARE_WE_FRIEND_ST) values (23,'tester2','minseo',1);
Insert into SNS (SNS_NUM,M_USER_ID,TO_USER_ID,ARE_WE_FRIEND_ST) values (65,'tester1','manseo',1);
Insert into SNS (SNS_NUM,M_USER_ID,TO_USER_ID,ARE_WE_FRIEND_ST) values (1,'test2','minseo',0);
Insert into SNS (SNS_NUM,M_USER_ID,TO_USER_ID,ARE_WE_FRIEND_ST) values (3,'match','minseo',0);
Insert into SNS (SNS_NUM,M_USER_ID,TO_USER_ID,ARE_WE_FRIEND_ST) values (16,'minseo','tester2',1);
Insert into SNS (SNS_NUM,M_USER_ID,TO_USER_ID,ARE_WE_FRIEND_ST) values (8,'test1','manseo',0);
Insert into SNS (SNS_NUM,M_USER_ID,TO_USER_ID,ARE_WE_FRIEND_ST) values (19,'joon1','tester2',0);
Insert into SNS (SNS_NUM,M_USER_ID,TO_USER_ID,ARE_WE_FRIEND_ST) values (15,'tester1','minseo',1);
Insert into SNS (SNS_NUM,M_USER_ID,TO_USER_ID,ARE_WE_FRIEND_ST) values (66,'tester2','manseo',1);
Insert into SNS (SNS_NUM,M_USER_ID,TO_USER_ID,ARE_WE_FRIEND_ST) values (2,'creater','minseo',0);
Insert into SNS (SNS_NUM,M_USER_ID,TO_USER_ID,ARE_WE_FRIEND_ST) values (4,'hllee','minseo',0);
Insert into SNS (SNS_NUM,M_USER_ID,TO_USER_ID,ARE_WE_FRIEND_ST) values (6,'cadmin','manseo',0);
Insert into SNS (SNS_NUM,M_USER_ID,TO_USER_ID,ARE_WE_FRIEND_ST) values (9,'joon1','tester1',0);
Insert into SNS (SNS_NUM,M_USER_ID,TO_USER_ID,ARE_WE_FRIEND_ST) values (12,'match','tester1',0);
Insert into SNS (SNS_NUM,M_USER_ID,TO_USER_ID,ARE_WE_FRIEND_ST) values (17,'tester1','tester2',1);
Insert into SNS (SNS_NUM,M_USER_ID,TO_USER_ID,ARE_WE_FRIEND_ST) values (63,'tester6','tester7',1);
Insert into SNS (SNS_NUM,M_USER_ID,TO_USER_ID,ARE_WE_FRIEND_ST) values (7,'creater','manseo',0);
Insert into SNS (SNS_NUM,M_USER_ID,TO_USER_ID,ARE_WE_FRIEND_ST) values (10,'manseo','tester1',1);
Insert into SNS (SNS_NUM,M_USER_ID,TO_USER_ID,ARE_WE_FRIEND_ST) values (20,'test2','tester2',0);
Insert into SNS (SNS_NUM,M_USER_ID,TO_USER_ID,ARE_WE_FRIEND_ST) values (14,'manseo','minseo',1);
Insert into SNS (SNS_NUM,M_USER_ID,TO_USER_ID,ARE_WE_FRIEND_ST) values (18,'manseo','tester2',1);
Insert into SNS (SNS_NUM,M_USER_ID,TO_USER_ID,ARE_WE_FRIEND_ST) values (21,'tester2','tester1',1);
Insert into SNS (SNS_NUM,M_USER_ID,TO_USER_ID,ARE_WE_FRIEND_ST) values (22,'minseo','tester1',1);
Insert into SNS (SNS_NUM,M_USER_ID,TO_USER_ID,ARE_WE_FRIEND_ST) values (41,'test123','test1',1);
Insert into SNS (SNS_NUM,M_USER_ID,TO_USER_ID,ARE_WE_FRIEND_ST) values (42,'test1','test123',1);
Insert into SNS (SNS_NUM,M_USER_ID,TO_USER_ID,ARE_WE_FRIEND_ST) values (61,'tester6','tester5',1);
Insert into SNS (SNS_NUM,M_USER_ID,TO_USER_ID,ARE_WE_FRIEND_ST) values (62,'tester5','tester6',1);
Insert into SNS (SNS_NUM,M_USER_ID,TO_USER_ID,ARE_WE_FRIEND_ST) values (64,'tester7','tester6',1);
Insert into SNS (SNS_NUM,M_USER_ID,TO_USER_ID,ARE_WE_FRIEND_ST) values (67,'minseo','manseo',1);
